[{"model": "admin.logentry", "pk": 264, "fields": {"action_time": "2024-12-03T13:11:31.249Z", "user": 1, "content_type": 6, "object_id": "1", "object_repr": "IT", "action_flag": 1, "change_message": "[{\"added\": {}}]"}}, {"model": "admin.logentry", "pk": 265, "fields": {"action_time": "2024-12-03T13:12:44.576Z", "user": 1, "content_type": 7, "object_id": "1", "object_repr": "administrator@awashwine.com", "action_flag": 2, "change_message": "[{\"changed\": {\"fields\": [\"Role\"]}}]"}}, {"model": "admin.logentry", "pk": 266, "fields": {"action_time": "2024-12-03T13:18:33.253Z", "user": 1, "content_type": 11, "object_id": "1", "object_repr": "Syspro Problem", "action_flag": 1, "change_message": "[{\"added\": {}}]"}}, {"model": "admin.logentry", "pk": 267, "fields": {"action_time": "2024-12-03T13:52:28.152Z", "user": 1, "content_type": 11, "object_id": "2", "object_repr": "Network Problem", "action_flag": 1, "change_message": "[{\"added\": {}}]"}}, {"model": "admin.logentry", "pk": 268, "fields": {"action_time": "2024-12-03T13:52:48.842Z", "user": 1, "content_type": 11, "object_id": "3", "object_repr": "Hardware Problem", "action_flag": 1, "change_message": "[{\"added\": {}}]"}}, {"model": "admin.logentry", "pk": 269, "fields": {"action_time": "2024-12-03T13:53:01.726Z", "user": 1, "content_type": 11, "object_id": "4", "object_repr": "Software Problem", "action_flag": 1, "change_message": "[{\"added\": {}}]"}}, {"model": "admin.logentry", "pk": 270, "fields": {"action_time": "2024-12-24T10:05:17.770Z", "user": 7, "content_type": 7, "object_id": "3", "object_repr": "mikiyast@awashwine.com", "action_flag": 3, "change_message": ""}}, {"model": "admin.logentry", "pk": 271, "fields": {"action_time": "2024-12-24T11:01:15.483Z", "user": 7, "content_type": 7, "object_id": "8", "object_repr": "mikiyast@awashwine.com", "action_flag": 3, "change_message": ""}}, {"model": "admin.logentry", "pk": 272, "fields": {"action_time": "2024-12-24T11:06:30.794Z", "user": 7, "content_type": 7, "object_id": "9", "object_repr": "mikiyast@awashwine.com", "action_flag": 3, "change_message": ""}}, {"model": "admin.logentry", "pk": 273, "fields": {"action_time": "2024-12-24T11:37:26.624Z", "user": 7, "content_type": 7, "object_id": "10", "object_repr": "mikiyast@awashwine.com", "action_flag": 3, "change_message": ""}}, {"model": "admin.logentry", "pk": 274, "fields": {"action_time": "2024-12-24T12:25:11.005Z", "user": 7, "content_type": 7, "object_id": "11", "object_repr": "mikiyast@awashwine.com", "action_flag": 3, "change_message": ""}}, {"model": "admin.logentry", "pk": 275, "fields": {"action_time": "2024-12-24T13:44:06.809Z", "user": 7, "content_type": 7, "object_id": "12", "object_repr": "mikiyast@awashwine.com", "action_flag": 3, "change_message": ""}}, {"model": "admin.logentry", "pk": 276, "fields": {"action_time": "2024-12-24T13:47:49.004Z", "user": 7, "content_type": 7, "object_id": "13", "object_repr": "mikiyast@awashwine.com", "action_flag": 3, "change_message": ""}}, {"model": "admin.logentry", "pk": 277, "fields": {"action_time": "2024-12-24T13:52:25.603Z", "user": 7, "content_type": 7, "object_id": "14", "object_repr": "mikiyast@awashwine.com", "action_flag": 3, "change_message": ""}}, {"model": "admin.logentry", "pk": 278, "fields": {"action_time": "2024-12-24T13:56:27.619Z", "user": 7, "content_type": 7, "object_id": "15", "object_repr": "mikiyast@awashwine.com", "action_flag": 3, "change_message": ""}}, {"model": "admin.logentry", "pk": 279, "fields": {"action_time": "2024-12-24T14:24:50.843Z", "user": 7, "content_type": 7, "object_id": "2", "object_repr": "wanofi@awashwine.com", "action_flag": 2, "change_message": "[{\"changed\": {\"fields\": [\"Phone number\"]}}]"}}, {"model": "admin.logentry", "pk": 280, "fields": {"action_time": "2024-12-25T05:55:16.965Z", "user": 7, "content_type": 7, "object_id": "18", "object_repr": "mikiyas.tse@gmail.com", "action_flag": 3, "change_message": ""}}, {"model": "admin.logentry", "pk": 281, "fields": {"action_time": "2024-12-25T05:55:16.966Z", "user": 7, "content_type": 7, "object_id": "6", "object_repr": "daniel@awashwine.com", "action_flag": 3, "change_message": ""}}, {"model": "admin.logentry", "pk": 282, "fields": {"action_time": "2024-12-25T05:55:16.967Z", "user": 7, "content_type": 7, "object_id": "5", "object_repr": "nathan@awashwine.com", "action_flag": 3, "change_message": ""}}, {"model": "admin.logentry", "pk": 283, "fields": {"action_time": "2024-12-25T05:55:16.968Z", "user": 7, "content_type": 7, "object_id": "4", "object_repr": "alebachew@awashwine.com", "action_flag": 3, "change_message": ""}}, {"model": "admin.logentry", "pk": 284, "fields": {"action_time": "2024-12-25T05:55:16.969Z", "user": 7, "content_type": 7, "object_id": "2", "object_repr": "wanofi@awashwine.com", "action_flag": 3, "change_message": ""}}, {"model": "admin.logentry", "pk": 285, "fields": {"action_time": "2024-12-25T05:55:51.590Z", "user": 7, "content_type": 7, "object_id": "17", "object_repr": "wanofi@awashwine.com", "action_flag": 2, "change_message": "[{\"changed\": {\"fields\": [\"Email\", \"Role\"]}}]"}}, {"model": "admin.logentry", "pk": 286, "fields": {"action_time": "2024-12-25T05:56:45.531Z", "user": 7, "content_type": 7, "object_id": "17", "object_repr": "wanofi@awashwine.com", "action_flag": 3, "change_message": ""}}, {"model": "admin.logentry", "pk": 287, "fields": {"action_time": "2024-12-25T05:57:11.653Z", "user": 7, "content_type": 12, "object_id": "22", "object_repr": "Hardware Problem", "action_flag": 3, "change_message": ""}}, {"model": "admin.logentry", "pk": 288, "fields": {"action_time": "2024-12-25T05:57:11.654Z", "user": 7, "content_type": 12, "object_id": "21", "object_repr": "Network Problem", "action_flag": 3, "change_message": ""}}, {"model": "admin.logentry", "pk": 289, "fields": {"action_time": "2024-12-25T05:57:11.655Z", "user": 7, "content_type": 12, "object_id": "20", "object_repr": "Hardware Problem", "action_flag": 3, "change_message": ""}}, {"model": "admin.logentry", "pk": 290, "fields": {"action_time": "2024-12-25T05:57:11.655Z", "user": 7, "content_type": 12, "object_id": "19", "object_repr": "Syspro Problem", "action_flag": 3, "change_message": ""}}, {"model": "admin.logentry", "pk": 291, "fields": {"action_time": "2024-12-25T05:57:11.656Z", "user": 7, "content_type": 12, "object_id": "18", "object_repr": "Software Problem", "action_flag": 3, "change_message": ""}}, {"model": "admin.logentry", "pk": 292, "fields": {"action_time": "2024-12-25T05:57:11.657Z", "user": 7, "content_type": 12, "object_id": "17", "object_repr": "Network Problem", "action_flag": 3, "change_message": ""}}, {"model": "admin.logentry", "pk": 293, "fields": {"action_time": "2024-12-25T05:57:52.643Z", "user": 7, "content_type": 11, "object_id": "5", "object_repr": "Printer Problem", "action_flag": 1, "change_message": "[{\"added\": {}}]"}}, {"model": "admin.logentry", "pk": 294, "fields": {"action_time": "2024-12-25T05:58:20.918Z", "user": 7, "content_type": 7, "object_id": "16", "object_repr": "mikiyast@awashwine.com", "action_flag": 2, "change_message": "[{\"changed\": {\"fields\": [\"Role\"]}}]"}}, {"model": "admin.logentry", "pk": 295, "fields": {"action_time": "2025-02-06T13:19:19.540Z", "user": 7, "content_type": 25, "object_id": "1", "object_repr": "Acknowledgement object (1)", "action_flag": 1, "change_message": "[{\"added\": {}}]"}}, {"model": "auth.permission", "pk": 1, "fields": {"name": "Can add log entry", "content_type": 1, "codename": "add_logentry"}}, {"model": "auth.permission", "pk": 2, "fields": {"name": "Can change log entry", "content_type": 1, "codename": "change_logentry"}}, {"model": "auth.permission", "pk": 3, "fields": {"name": "Can delete log entry", "content_type": 1, "codename": "delete_logentry"}}, {"model": "auth.permission", "pk": 4, "fields": {"name": "Can view log entry", "content_type": 1, "codename": "view_logentry"}}, {"model": "auth.permission", "pk": 5, "fields": {"name": "Can add permission", "content_type": 2, "codename": "add_permission"}}, {"model": "auth.permission", "pk": 6, "fields": {"name": "Can change permission", "content_type": 2, "codename": "change_permission"}}, {"model": "auth.permission", "pk": 7, "fields": {"name": "Can delete permission", "content_type": 2, "codename": "delete_permission"}}, {"model": "auth.permission", "pk": 8, "fields": {"name": "Can view permission", "content_type": 2, "codename": "view_permission"}}, {"model": "auth.permission", "pk": 9, "fields": {"name": "Can add group", "content_type": 3, "codename": "add_group"}}, {"model": "auth.permission", "pk": 10, "fields": {"name": "Can change group", "content_type": 3, "codename": "change_group"}}, {"model": "auth.permission", "pk": 11, "fields": {"name": "Can delete group", "content_type": 3, "codename": "delete_group"}}, {"model": "auth.permission", "pk": 12, "fields": {"name": "Can view group", "content_type": 3, "codename": "view_group"}}, {"model": "auth.permission", "pk": 13, "fields": {"name": "Can add content type", "content_type": 4, "codename": "add_contenttype"}}, {"model": "auth.permission", "pk": 14, "fields": {"name": "Can change content type", "content_type": 4, "codename": "change_contenttype"}}, {"model": "auth.permission", "pk": 15, "fields": {"name": "Can delete content type", "content_type": 4, "codename": "delete_contenttype"}}, {"model": "auth.permission", "pk": 16, "fields": {"name": "Can view content type", "content_type": 4, "codename": "view_contenttype"}}, {"model": "auth.permission", "pk": 17, "fields": {"name": "Can add session", "content_type": 5, "codename": "add_session"}}, {"model": "auth.permission", "pk": 18, "fields": {"name": "Can change session", "content_type": 5, "codename": "change_session"}}, {"model": "auth.permission", "pk": 19, "fields": {"name": "Can delete session", "content_type": 5, "codename": "delete_session"}}, {"model": "auth.permission", "pk": 20, "fields": {"name": "Can view session", "content_type": 5, "codename": "view_session"}}, {"model": "auth.permission", "pk": 21, "fields": {"name": "Can add department", "content_type": 6, "codename": "add_department"}}, {"model": "auth.permission", "pk": 22, "fields": {"name": "Can change department", "content_type": 6, "codename": "change_department"}}, {"model": "auth.permission", "pk": 23, "fields": {"name": "Can delete department", "content_type": 6, "codename": "delete_department"}}, {"model": "auth.permission", "pk": 24, "fields": {"name": "Can view department", "content_type": 6, "codename": "view_department"}}, {"model": "auth.permission", "pk": 25, "fields": {"name": "Can add user", "content_type": 7, "codename": "add_user"}}, {"model": "auth.permission", "pk": 26, "fields": {"name": "Can change user", "content_type": 7, "codename": "change_user"}}, {"model": "auth.permission", "pk": 27, "fields": {"name": "Can delete user", "content_type": 7, "codename": "delete_user"}}, {"model": "auth.permission", "pk": 28, "fields": {"name": "Can view user", "content_type": 7, "codename": "view_user"}}, {"model": "auth.permission", "pk": 29, "fields": {"name": "Can add password reset", "content_type": 8, "codename": "add_passwordreset"}}, {"model": "auth.permission", "pk": 30, "fields": {"name": "Can change password reset", "content_type": 8, "codename": "change_passwordreset"}}, {"model": "auth.permission", "pk": 31, "fields": {"name": "Can delete password reset", "content_type": 8, "codename": "delete_passwordreset"}}, {"model": "auth.permission", "pk": 32, "fields": {"name": "Can view password reset", "content_type": 8, "codename": "view_passwordreset"}}, {"model": "auth.permission", "pk": 33, "fields": {"name": "Can add outstanding token", "content_type": 9, "codename": "add_outstandingtoken"}}, {"model": "auth.permission", "pk": 34, "fields": {"name": "Can change outstanding token", "content_type": 9, "codename": "change_outstandingtoken"}}, {"model": "auth.permission", "pk": 35, "fields": {"name": "Can delete outstanding token", "content_type": 9, "codename": "delete_outstandingtoken"}}, {"model": "auth.permission", "pk": 36, "fields": {"name": "Can view outstanding token", "content_type": 9, "codename": "view_outstandingtoken"}}, {"model": "auth.permission", "pk": 37, "fields": {"name": "Can add blacklisted token", "content_type": 10, "codename": "add_blacklistedtoken"}}, {"model": "auth.permission", "pk": 38, "fields": {"name": "Can change blacklisted token", "content_type": 10, "codename": "change_blacklistedtoken"}}, {"model": "auth.permission", "pk": 39, "fields": {"name": "Can delete blacklisted token", "content_type": 10, "codename": "delete_blacklistedtoken"}}, {"model": "auth.permission", "pk": 40, "fields": {"name": "Can view blacklisted token", "content_type": 10, "codename": "view_blacklistedtoken"}}, {"model": "auth.permission", "pk": 41, "fields": {"name": "Can add ticket category", "content_type": 11, "codename": "add_ticketcategory"}}, {"model": "auth.permission", "pk": 42, "fields": {"name": "Can change ticket category", "content_type": 11, "codename": "change_ticketcategory"}}, {"model": "auth.permission", "pk": 43, "fields": {"name": "Can delete ticket category", "content_type": 11, "codename": "delete_ticketcategory"}}, {"model": "auth.permission", "pk": 44, "fields": {"name": "Can view ticket category", "content_type": 11, "codename": "view_ticketcategory"}}, {"model": "auth.permission", "pk": 45, "fields": {"name": "Can add ticket", "content_type": 12, "codename": "add_ticket"}}, {"model": "auth.permission", "pk": 46, "fields": {"name": "Can change ticket", "content_type": 12, "codename": "change_ticket"}}, {"model": "auth.permission", "pk": 47, "fields": {"name": "Can delete ticket", "content_type": 12, "codename": "delete_ticket"}}, {"model": "auth.permission", "pk": 48, "fields": {"name": "Can view ticket", "content_type": 12, "codename": "view_ticket"}}, {"model": "auth.permission", "pk": 49, "fields": {"name": "Can add ticket comment", "content_type": 13, "codename": "add_ticketcomment"}}, {"model": "auth.permission", "pk": 50, "fields": {"name": "Can change ticket comment", "content_type": 13, "codename": "change_ticketcomment"}}, {"model": "auth.permission", "pk": 51, "fields": {"name": "Can delete ticket comment", "content_type": 13, "codename": "delete_ticketcomment"}}, {"model": "auth.permission", "pk": 52, "fields": {"name": "Can view ticket comment", "content_type": 13, "codename": "view_ticketcomment"}}, {"model": "auth.permission", "pk": 53, "fields": {"name": "Can add ticket history", "content_type": 14, "codename": "add_tickethistory"}}, {"model": "auth.permission", "pk": 54, "fields": {"name": "Can change ticket history", "content_type": 14, "codename": "change_tickethistory"}}, {"model": "auth.permission", "pk": 55, "fields": {"name": "Can delete ticket history", "content_type": 14, "codename": "delete_tickethistory"}}, {"model": "auth.permission", "pk": 56, "fields": {"name": "Can view ticket history", "content_type": 14, "codename": "view_tickethistory"}}, {"model": "auth.permission", "pk": 61, "fields": {"name": "Can add chat session", "content_type": 16, "codename": "add_chatsession"}}, {"model": "auth.permission", "pk": 62, "fields": {"name": "Can change chat session", "content_type": 16, "codename": "change_chatsession"}}, {"model": "auth.permission", "pk": 63, "fields": {"name": "Can delete chat session", "content_type": 16, "codename": "delete_chatsession"}}, {"model": "auth.permission", "pk": 64, "fields": {"name": "Can view chat session", "content_type": 16, "codename": "view_chatsession"}}, {"model": "auth.permission", "pk": 65, "fields": {"name": "Can add chat message", "content_type": 17, "codename": "add_chatmessage"}}, {"model": "auth.permission", "pk": 66, "fields": {"name": "Can change chat message", "content_type": 17, "codename": "change_chatmessage"}}, {"model": "auth.permission", "pk": 67, "fields": {"name": "Can delete chat message", "content_type": 17, "codename": "delete_chatmessage"}}, {"model": "auth.permission", "pk": 68, "fields": {"name": "Can view chat message", "content_type": 17, "codename": "view_chatmessage"}}, {"model": "auth.permission", "pk": 69, "fields": {"name": "Can add attachment", "content_type": 18, "codename": "add_attachment"}}, {"model": "auth.permission", "pk": 70, "fields": {"name": "Can change attachment", "content_type": 18, "codename": "change_attachment"}}, {"model": "auth.permission", "pk": 71, "fields": {"name": "Can delete attachment", "content_type": 18, "codename": "delete_attachment"}}, {"model": "auth.permission", "pk": 72, "fields": {"name": "Can view attachment", "content_type": 18, "codename": "view_attachment"}}, {"model": "auth.permission", "pk": 73, "fields": {"name": "Can add api key", "content_type": 19, "codename": "add_apikey"}}, {"model": "auth.permission", "pk": 74, "fields": {"name": "Can change api key", "content_type": 19, "codename": "change_apikey"}}, {"model": "auth.permission", "pk": 75, "fields": {"name": "Can delete api key", "content_type": 19, "codename": "delete_apikey"}}, {"model": "auth.permission", "pk": 76, "fields": {"name": "Can view api key", "content_type": 19, "codename": "view_apikey"}}, {"model": "auth.permission", "pk": 77, "fields": {"name": "Can add notification", "content_type": 20, "codename": "add_notification"}}, {"model": "auth.permission", "pk": 78, "fields": {"name": "Can change notification", "content_type": 20, "codename": "change_notification"}}, {"model": "auth.permission", "pk": 79, "fields": {"name": "Can delete notification", "content_type": 20, "codename": "delete_notification"}}, {"model": "auth.permission", "pk": 80, "fields": {"name": "Can view notification", "content_type": 20, "codename": "view_notification"}}, {"model": "auth.permission", "pk": 81, "fields": {"name": "Can add Token", "content_type": 21, "codename": "add_token"}}, {"model": "auth.permission", "pk": 82, "fields": {"name": "Can change Token", "content_type": 21, "codename": "change_token"}}, {"model": "auth.permission", "pk": 83, "fields": {"name": "Can delete Token", "content_type": 21, "codename": "delete_token"}}, {"model": "auth.permission", "pk": 84, "fields": {"name": "Can view Token", "content_type": 21, "codename": "view_token"}}, {"model": "auth.permission", "pk": 85, "fields": {"name": "Can add Token", "content_type": 22, "codename": "add_tokenproxy"}}, {"model": "auth.permission", "pk": 86, "fields": {"name": "Can change Token", "content_type": 22, "codename": "change_tokenproxy"}}, {"model": "auth.permission", "pk": 87, "fields": {"name": "Can delete Token", "content_type": 22, "codename": "delete_tokenproxy"}}, {"model": "auth.permission", "pk": 88, "fields": {"name": "Can view Token", "content_type": 22, "codename": "view_tokenproxy"}}, {"model": "auth.permission", "pk": 89, "fields": {"name": "Can add attachment", "content_type": 23, "codename": "add_attachment"}}, {"model": "auth.permission", "pk": 90, "fields": {"name": "Can change attachment", "content_type": 23, "codename": "change_attachment"}}, {"model": "auth.permission", "pk": 91, "fields": {"name": "Can delete attachment", "content_type": 23, "codename": "delete_attachment"}}, {"model": "auth.permission", "pk": 92, "fields": {"name": "Can view attachment", "content_type": 23, "codename": "view_attachment"}}, {"model": "auth.permission", "pk": 93, "fields": {"name": "Can add activate account", "content_type": 24, "codename": "add_activateaccount"}}, {"model": "auth.permission", "pk": 94, "fields": {"name": "Can change activate account", "content_type": 24, "codename": "change_activateaccount"}}, {"model": "auth.permission", "pk": 95, "fields": {"name": "Can delete activate account", "content_type": 24, "codename": "delete_activateaccount"}}, {"model": "auth.permission", "pk": 96, "fields": {"name": "Can view activate account", "content_type": 24, "codename": "view_activateaccount"}}, {"model": "auth.permission", "pk": 97, "fields": {"name": "Can add acknowledgement", "content_type": 25, "codename": "add_acknowledgement"}}, {"model": "auth.permission", "pk": 98, "fields": {"name": "Can change acknowledgement", "content_type": 25, "codename": "change_acknowledgement"}}, {"model": "auth.permission", "pk": 99, "fields": {"name": "Can delete acknowledgement", "content_type": 25, "codename": "delete_acknowledgement"}}, {"model": "auth.permission", "pk": 100, "fields": {"name": "Can view acknowledgement", "content_type": 25, "codename": "view_acknowledgement"}}, {"model": "contenttypes.contenttype", "pk": 1, "fields": {"app_label": "admin", "model": "logentry"}}, {"model": "contenttypes.contenttype", "pk": 2, "fields": {"app_label": "auth", "model": "permission"}}, {"model": "contenttypes.contenttype", "pk": 3, "fields": {"app_label": "auth", "model": "group"}}, {"model": "contenttypes.contenttype", "pk": 4, "fields": {"app_label": "contenttypes", "model": "contenttype"}}, {"model": "contenttypes.contenttype", "pk": 5, "fields": {"app_label": "sessions", "model": "session"}}, {"model": "contenttypes.contenttype", "pk": 6, "fields": {"app_label": "users", "model": "department"}}, {"model": "contenttypes.contenttype", "pk": 7, "fields": {"app_label": "users", "model": "user"}}, {"model": "contenttypes.contenttype", "pk": 8, "fields": {"app_label": "users", "model": "passwordreset"}}, {"model": "contenttypes.contenttype", "pk": 9, "fields": {"app_label": "token_blacklist", "model": "outstandingtoken"}}, {"model": "contenttypes.contenttype", "pk": 10, "fields": {"app_label": "token_blacklist", "model": "blacklistedtoken"}}, {"model": "contenttypes.contenttype", "pk": 11, "fields": {"app_label": "tickets", "model": "ticketcategory"}}, {"model": "contenttypes.contenttype", "pk": 12, "fields": {"app_label": "tickets", "model": "ticket"}}, {"model": "contenttypes.contenttype", "pk": 13, "fields": {"app_label": "tickets", "model": "ticketcomment"}}, {"model": "contenttypes.contenttype", "pk": 14, "fields": {"app_label": "tickets", "model": "tickethistory"}}, {"model": "contenttypes.contenttype", "pk": 16, "fields": {"app_label": "chats", "model": "chatsession"}}, {"model": "contenttypes.contenttype", "pk": 17, "fields": {"app_label": "chats", "model": "chatmessage"}}, {"model": "contenttypes.contenttype", "pk": 18, "fields": {"app_label": "chats", "model": "attachment"}}, {"model": "contenttypes.contenttype", "pk": 19, "fields": {"app_label": "api", "model": "apikey"}}, {"model": "contenttypes.contenttype", "pk": 20, "fields": {"app_label": "notifications", "model": "notification"}}, {"model": "contenttypes.contenttype", "pk": 21, "fields": {"app_label": "authtoken", "model": "token"}}, {"model": "contenttypes.contenttype", "pk": 22, "fields": {"app_label": "authtoken", "model": "tokenproxy"}}, {"model": "contenttypes.contenttype", "pk": 23, "fields": {"app_label": "tickets", "model": "attachment"}}, {"model": "contenttypes.contenttype", "pk": 24, "fields": {"app_label": "users", "model": "activateaccount"}}, {"model": "contenttypes.contenttype", "pk": 25, "fields": {"app_label": "tickets", "model": "acknowledgement"}}, {"model": "sessions.session", "pk": "2jja8ez6k7q95zkw8nuwhx5gp82fu2st", "fields": {"session_data": ".eJxVjDEOwjAMRe-SGUV2UuLCyM4ZKid2SAE1UtNOiLtDpQ6w_vfef5mB16UMa9N5GMWcDZrD7xY5PXTagNx5ulWb6rTMY7SbYnfa7LWKPi-7-3dQuJVvTQgkQXPHSj0AuI5CzjFk8uQ84Cljj1HFBVCK5BUTc0A4Zh-URMz7A8xbN5w:1tISfr:f7AtWxzg9Icb8OBAit9_QhhNgHCn2Ewa06uFq-0ZXBk", "expire_date": "2024-12-17T13:10:43.249Z"}}, {"model": "sessions.session", "pk": "tllonz5ekzywi28aej9jynyx37dm7v0i", "fields": {"session_data": ".eJxVjMsOwiAQRf-FtSE8hGFcuu83kIGhUjU0Ke3K-O_apAvd3nPOfYlI21rj1ssSJxYXAeL0uyXKj9J2wHdqt1nmua3LlOSuyIN2OcxcntfD_Tuo1Ou39hgKFQVZjQqVDpz8yIDGJesRWOuzhmCQ2CrvLSRjAb1VaCgkdi6L9wfJejbJ:1tQ1mD:hsrPn2eM-rIlKVAava7wUNwJL3HiXn36LZ_dwbmSj94", "expire_date": "2025-01-07T10:04:33.885Z"}}, {"model": "sessions.session", "pk": "zwg370crolw4vibphq0itlzg4yqnwsu4", "fields": {"session_data": ".eJxVjMsOwiAQRf-FtSE8hGFcuu83kIGhUjU0Ke3K-O_apAvd3nPOfYlI21rj1ssSJxYXAeL0uyXKj9J2wHdqt1nmua3LlOSuyIN2OcxcntfD_Tuo1Ou39hgKFQVZjQqVDpz8yIDGJesRWOuzhmCQ2CrvLSRjAb1VaCgkdi6L9wfJejbJ:1tg1lz:3Lj_PQ41sdkCQZodNB406g7LWPVbVty8NqXwmaSnf-I", "expire_date": "2025-02-20T13:18:27.516Z"}}, {"model": "users.department", "pk": 1, "fields": {"name": "People"}}, {"model": "users.department", "pk": 2, "fields": {"name": "Finance"}}, {"model": "users.department", "pk": 3, "fields": {"name": "Supply Chain"}}, {"model": "users.user", "pk": 1, "fields": {"password": "pbkdf2_sha256$600000$fy4kKOr5daIjckQQ7AJO1u$bklPCS6UYDfdB5FoV7/+ntf9YoMGlqKjOfKSePgHAeY=", "last_login": "2024-12-03T13:10:43Z", "is_superuser": true, "username": "administrator", "first_name": "", "last_name": "", "is_staff": true, "is_active": true, "date_joined": "2024-12-03T13:07:58Z", "email": "administrator@awashwine.com", "phone_number": null, "profile_picture": "", "branch": null, "department": null, "role": "admin", "groups": [], "user_permissions": []}}, {"model": "users.user", "pk": 7, "fields": {"password": "pbkdf2_sha256$600000$LF31y7FVrGQk8AeU0Q7Rys$UU6kFbiJzezT32R6m5Na+m4v/mSATaaQ3IuXdLS1+AY=", "last_login": "2025-02-06T13:18:27.514Z", "is_superuser": true, "username": "admin", "first_name": "", "last_name": "", "is_staff": true, "is_active": true, "date_joined": "2024-12-24T10:04:16.671Z", "email": "admin@awashwine.com", "phone_number": null, "profile_picture": "", "branch": null, "department": null, "role": "employee", "groups": [], "user_permissions": []}}, {"model": "users.user", "pk": 16, "fields": {"password": "pbkdf2_sha256$600000$zu1mp1UJwDxhDAkFkiMa3O$42yFbNI58Fc7MwpLNqJL1FW1AUlBsWoJAdyDf12mW3Y=", "last_login": null, "is_superuser": false, "username": "Mikiyas", "first_name": "Mikiyas", "last_name": "Tsegaye", "is_staff": false, "is_active": true, "date_joined": "2024-12-24T13:57:26Z", "email": "mikiyast@awashwine.com", "phone_number": "0969946721", "profile_picture": "", "branch": "Lideta", "department": 3, "role": "admin", "groups": [], "user_permissions": []}}, {"model": "users.user", "pk": 19, "fields": {"password": "pbkdf2_sha256$600000$iTir7G0oBXVqt4USM6jtna$GE/NJrVEjRXo08GE23rA982tBrP/edwaWMqqiZ2ZiD4=", "last_login": null, "is_superuser": false, "username": "Wanofi", "first_name": "Wanofi", "last_name": "Israel", "is_staff": false, "is_active": true, "date_joined": "2024-12-25T08:00:16.895Z", "email": "wanofi@awashwine.com", "phone_number": "0924355889", "profile_picture": "", "branch": "Lideta", "department": 2, "role": "employee", "groups": [], "user_permissions": []}}, {"model": "users.user", "pk": 20, "fields": {"password": "pbkdf2_sha256$600000$ShZfi9eMaYL4Wt8crkhp3O$rPVAbUvr2XQGk4Dr/E1BJA4R7AB+ee29co9hzvT1S9c=", "last_login": null, "is_superuser": false, "username": "mezymiz", "first_name": "Zelda", "last_name": "Drake", "is_staff": false, "is_active": true, "date_joined": "2024-12-25T08:03:32.022Z", "email": "varakogoqo@awashwine.com", "phone_number": "0924355889", "profile_picture": "", "branch": "Lideta", "department": 1, "role": "employee", "groups": [], "user_permissions": []}}, {"model": "users.user", "pk": 21, "fields": {"password": "pbkdf2_sha256$600000$Gc4wOn8dUODWYLmH6gViEp$PkYit67prLpYFKb/dfjIuM82UDBiBxzxy6L7Z+bcgRA=", "last_login": null, "is_superuser": false, "username": "teshomew@awashwine.com", "first_name": "Teshome", "last_name": "Workineh", "is_staff": false, "is_active": true, "date_joined": "2024-12-26T08:47:50.475Z", "email": "teshomew@awashwine.com", "phone_number": "0928459504", "profile_picture": "", "branch": "Mekanissa", "department": 2, "role": "employee", "groups": [], "user_permissions": []}}, {"model": "users.user", "pk": 22, "fields": {"password": "pbkdf2_sha256$600000$Mraa4Z1vx12wag0oBICO7L$wY9EQ+DN5nmAEEaeAKPc+61rmx2OSEOEJdTHmJEMB2c=", "last_login": null, "is_superuser": false, "username": "DANIEL", "first_name": "Daniel", "last_name": "Tesfaye", "is_staff": false, "is_active": true, "date_joined": "2024-12-26T08:48:58.077Z", "email": "daniel@awashwine.com", "phone_number": "0935409110", "profile_picture": "", "branch": "Lideta", "department": 2, "role": "employee", "groups": [], "user_permissions": []}}, {"model": "users.user", "pk": 23, "fields": {"password": "pbkdf2_sha256$600000$mSm6NsrNnZZ07emfFj20yO$tyJShotJ67YMzTRxoaSl3EmIM3Afa1JiC8FNI+nwmLU=", "last_login": null, "is_superuser": false, "username": "Ambaw@awashwine.com", "first_name": "Ambaw", "last_name": "Tsehaw", "is_staff": false, "is_active": true, "date_joined": "2024-12-26T11:38:15.968Z", "email": "Ambaw@awashwine.com", "phone_number": "0905990888", "profile_picture": "", "branch": "Farm", "department": 2, "role": "employee", "groups": [], "user_permissions": []}}, {"model": "users.activateaccount", "pk": 6, "fields": {"user": 16, "activated": true}}, {"model": "users.activateaccount", "pk": 10, "fields": {"user": 19, "activated": true}}, {"model": "users.activateaccount", "pk": 11, "fields": {"user": 20, "activated": false}}, {"model": "users.activateaccount", "pk": 12, "fields": {"user": 21, "activated": true}}, {"model": "users.activateaccount", "pk": 13, "fields": {"user": 22, "activated": true}}, {"model": "users.activateaccount", "pk": 14, "fields": {"user": 23, "activated": true}}, {"model": "token_blacklist.outstandingtoken", "pk": 1, "fields": {"user": 1, "jti": "7034b9d382db4bf29469244cfa2a993c", "token": "eyJ0eXAiOiJKV1QiLCJhbGciOiJIUzI1NiJ9.eyJ0b2tlbl90eXBlIjoicmVmcmVzaCIsImV4cCI6MTczMzMxODExMiwiaWF0IjoxNzMzMjMxNzEyLCJqdGkiOiI3MDM0YjlkMzgyZGI0YmYyOTQ2OTI0NGNmYTJhOTkzYyIsImVtYWlsIjoiYWRtaW5pc3RyYXRvckBhd2FzaHdpbmUuY29tIn0.LKf2f-7Gz6C8Y6qQZPeiIY_DAW1CcjMv6pcwEm_DsOc", "created_at": "2024-12-03T13:15:12.624Z", "expires_at": "2024-12-04T13:15:12Z"}}, {"model": "token_blacklist.outstandingtoken", "pk": 2, "fields": {"user": 1, "jti": "163ec6e125fe4199916932ccca4a95af", "token": "eyJ0eXAiOiJKV1QiLCJhbGciOiJIUzI1NiJ9.eyJ0b2tlbl90eXBlIjoicmVmcmVzaCIsImV4cCI6MTczMzMxOTE1MywiaWF0IjoxNzMzMjMyNzUzLCJqdGkiOiIxNjNlYzZlMTI1ZmU0MTk5OTE2OTMyY2NjYTRhOTVhZiIsImVtYWlsIjoiYWRtaW5pc3RyYXRvckBhd2FzaHdpbmUuY29tIn0.RhvsqPXsp0nEXtghBzQYVzIWNOO_axba_zeii8YbZ1E", "created_at": "2024-12-03T13:32:33.649Z", "expires_at": "2024-12-04T13:32:33Z"}}, {"model": "token_blacklist.outstandingtoken", "pk": 3, "fields": {"user": 1, "jti": "e9f11d203e8b4b20b119d0c02e863c0e", "token": "eyJ0eXAiOiJKV1QiLCJhbGciOiJIUzI1NiJ9.eyJ0b2tlbl90eXBlIjoicmVmcmVzaCIsImV4cCI6MTczMzMyMDIxMCwiaWF0IjoxNzMzMjMzODEwLCJqdGkiOiJlOWYxMWQyMDNlOGI0YjIwYjExOWQwYzAyZTg2M2MwZSIsImVtYWlsIjoiYWRtaW5pc3RyYXRvckBhd2FzaHdpbmUuY29tIn0.WSofhLhYEiz5JaOOO7IvDgUdRs1H4_BaEI04tTfEdq4", "created_at": "2024-12-03T13:50:10.387Z", "expires_at": "2024-12-04T13:50:10Z"}}, {"model": "token_blacklist.outstandingtoken", "pk": 4, "fields": {"user": 1, "jti": "428de13f0abc4e2782390201ba870a10", "token": "eyJ0eXAiOiJKV1QiLCJhbGciOiJIUzI1NiJ9.eyJ0b2tlbl90eXBlIjoicmVmcmVzaCIsImV4cCI6MTczMzMyMDI0OSwiaWF0IjoxNzMzMjMzODQ5LCJqdGkiOiI0MjhkZTEzZjBhYmM0ZTI3ODIzOTAyMDFiYTg3MGExMCIsImVtYWlsIjoiYWRtaW5pc3RyYXRvckBhd2FzaHdpbmUuY29tIn0.1pdFCr0JhOiY2LHS8oampGlkzqzefuqid1X9tp2JO6s", "created_at": "2024-12-03T13:50:49.481Z", "expires_at": "2024-12-04T13:50:49Z"}}, {"model": "token_blacklist.outstandingtoken", "pk": 5, "fields": {"user": null, "jti": "cec7dfcf031f4a48baf5e775424c864b", "token": "eyJ0eXAiOiJKV1QiLCJhbGciOiJIUzI1NiJ9.eyJ0b2tlbl90eXBlIjoicmVmcmVzaCIsImV4cCI6MTczMzMyMDI4NCwiaWF0IjoxNzMzMjMzODg0LCJqdGkiOiJjZWM3ZGZjZjAzMWY0YTQ4YmFmNWU3NzU0MjRjODY0YiIsImVtYWlsIjoid2Fub2ZpQGF3YXNod2luZS5jb20ifQ.xA7nxj529NoYdnYAOqrnprZ8TdH1-R9t_e3i-BulQ_4", "created_at": "2024-12-03T13:51:24.512Z", "expires_at": "2024-12-04T13:51:24Z"}}, {"model": "token_blacklist.outstandingtoken", "pk": 6, "fields": {"user": null, "jti": "a1878eb43cae4315a8f1be63b1cb2d44", "token": "eyJ0eXAiOiJKV1QiLCJhbGciOiJIUzI1NiJ9.eyJ0b2tlbl90eXBlIjoicmVmcmVzaCIsImV4cCI6MTczMzMyMDMwMiwiaWF0IjoxNzMzMjMzOTAyLCJqdGkiOiJhMTg3OGViNDNjYWU0MzE1YThmMWJlNjNiMWNiMmQ0NCIsImVtYWlsIjoibWlraXlhc3RAYXdhc2h3aW5lLmNvbSJ9.hs1FV_aGIDpDsIEdHYRA88mUXlus6U1-FmFB8v6HpqY", "created_at": "2024-12-03T13:51:42.927Z", "expires_at": "2024-12-04T13:51:42Z"}}, {"model": "token_blacklist.outstandingtoken", "pk": 7, "fields": {"user": null, "jti": "1b7974502edb48cbaf0358ebde0cb05d", "token": "eyJ0eXAiOiJKV1QiLCJhbGciOiJIUzI1NiJ9.eyJ0b2tlbl90eXBlIjoicmVmcmVzaCIsImV4cCI6MTczMzMyMDM5MywiaWF0IjoxNzMzMjMzOTkzLCJqdGkiOiIxYjc5NzQ1MDJlZGI0OGNiYWYwMzU4ZWJkZTBjYjA1ZCIsImVtYWlsIjoid2Fub2ZpQGF3YXNod2luZS5jb20ifQ.75rQqD9WLJLUiUMgAWmLR4eVZLHwF2mCW5Z3gbNb4qg", "created_at": "2024-12-03T13:53:13.632Z", "expires_at": "2024-12-04T13:53:13Z"}}, {"model": "token_blacklist.outstandingtoken", "pk": 8, "fields": {"user": null, "jti": "5f453e6582de41a083dd2f42bbb73f70", "token": "eyJ0eXAiOiJKV1QiLCJhbGciOiJIUzI1NiJ9.eyJ0b2tlbl90eXBlIjoicmVmcmVzaCIsImV4cCI6MTczMzMyMDYwMSwiaWF0IjoxNzMzMjM0MjAxLCJqdGkiOiI1ZjQ1M2U2NTgyZGU0MWEwODNkZDJmNDJiYmI3M2Y3MCIsImVtYWlsIjoibWlraXlhc3RAYXdhc2h3aW5lLmNvbSJ9.t0WRcl6YslFPXuHBIIp7N1wLSemPN-xsY-3Hnq8iwns", "created_at": "2024-12-03T13:56:41.985Z", "expires_at": "2024-12-04T13:56:41Z"}}, {"model": "token_blacklist.outstandingtoken", "pk": 9, "fields": {"user": null, "jti": "a89582635c7247bb8ee4e85236610f8d", "token": "eyJ0eXAiOiJKV1QiLCJhbGciOiJIUzI1NiJ9.eyJ0b2tlbl90eXBlIjoicmVmcmVzaCIsImV4cCI6MTczMzMyMDY2MSwiaWF0IjoxNzMzMjM0MjYxLCJqdGkiOiJhODk1ODI2MzVjNzI0N2JiOGVlNGU4NTIzNjYxMGY4ZCIsImVtYWlsIjoid2Fub2ZpQGF3YXNod2luZS5jb20ifQ._1lDp_C7sfFO2Dso9sMqnJI0ShusMiNdbBeTG1kNaik", "created_at": "2024-12-03T13:57:41.252Z", "expires_at": "2024-12-04T13:57:41Z"}}, {"model": "token_blacklist.outstandingtoken", "pk": 10, "fields": {"user": null, "jti": "b95287af5f8d4681800d5579b9e0f93b", "token": "eyJ0eXAiOiJKV1QiLCJhbGciOiJIUzI1NiJ9.eyJ0b2tlbl90eXBlIjoicmVmcmVzaCIsImV4cCI6MTczMzMyMTU0NSwiaWF0IjoxNzMzMjM1MTQ1LCJqdGkiOiJiOTUyODdhZjVmOGQ0NjgxODAwZDU1NzliOWUwZjkzYiIsImVtYWlsIjoid2Fub2ZpQGF3YXNod2luZS5jb20ifQ.w41s3QwjTsDdriMuELrBlD3MlMaAk1nunGdNuiNW0D0", "created_at": "2024-12-03T14:12:25.337Z", "expires_at": "2024-12-04T14:12:25Z"}}, {"model": "token_blacklist.outstandingtoken", "pk": 11, "fields": {"user": null, "jti": "82bdf4118c754283aa2c48ae13e17461", "token": "eyJ0eXAiOiJKV1QiLCJhbGciOiJIUzI1NiJ9.eyJ0b2tlbl90eXBlIjoicmVmcmVzaCIsImV4cCI6MTczMzMyMTY4MSwiaWF0IjoxNzMzMjM1MjgxLCJqdGkiOiI4MmJkZjQxMThjNzU0MjgzYWEyYzQ4YWUxM2UxNzQ2MSIsImVtYWlsIjoibWlraXlhc3RAYXdhc2h3aW5lLmNvbSJ9.PA8qHfqGvOaS6bjkHb0Hw6KYGOZJXB-qtddNwaZBvDM", "created_at": "2024-12-03T14:14:41.819Z", "expires_at": "2024-12-04T14:14:41Z"}}, {"model": "token_blacklist.outstandingtoken", "pk": 12, "fields": {"user": null, "jti": "da3c04386d584fa6b75faf9662d389c5", "token": "eyJ0eXAiOiJKV1QiLCJhbGciOiJIUzI1NiJ9.eyJ0b2tlbl90eXBlIjoicmVmcmVzaCIsImV4cCI6MTczMzMyMjAxNCwiaWF0IjoxNzMzMjM1NjE0LCJqdGkiOiJkYTNjMDQzODZkNTg0ZmE2Yjc1ZmFmOTY2MmQzODljNSIsImVtYWlsIjoid2Fub2ZpQGF3YXNod2luZS5jb20ifQ.-GuuaRah4gp-WnRWSDOq3lTyjfgIENIH8TpgwJeSVyA", "created_at": "2024-12-03T14:20:14.294Z", "expires_at": "2024-12-04T14:20:14Z"}}, {"model": "token_blacklist.outstandingtoken", "pk": 13, "fields": {"user": null, "jti": "147c5c53540f459ab1da8368ce2646c5", "token": "eyJ0eXAiOiJKV1QiLCJhbGciOiJIUzI1NiJ9.eyJ0b2tlbl90eXBlIjoicmVmcmVzaCIsImV4cCI6MTczMzMyMjQ4MiwiaWF0IjoxNzMzMjM2MDgyLCJqdGkiOiIxNDdjNWM1MzU0MGY0NTlhYjFkYTgzNjhjZTI2NDZjNSIsImVtYWlsIjoibWlraXlhc3RAYXdhc2h3aW5lLmNvbSJ9.kIejHmDBQf0uv6XujKbsY6UzfdSyoYs_FWa3w7-CAl4", "created_at": "2024-12-03T14:28:02.985Z", "expires_at": "2024-12-04T14:28:02Z"}}, {"model": "token_blacklist.outstandingtoken", "pk": 14, "fields": {"user": null, "jti": "db5f63ccdffc4316ad4c4ab5a0be91a4", "token": "eyJ0eXAiOiJKV1QiLCJhbGciOiJIUzI1NiJ9.eyJ0b2tlbl90eXBlIjoicmVmcmVzaCIsImV4cCI6MTczMzMyMjc2MCwiaWF0IjoxNzMzMjM2MzYwLCJqdGkiOiJkYjVmNjNjY2RmZmM0MzE2YWQ0YzRhYjVhMGJlOTFhNCIsImVtYWlsIjoibWlraXlhc3RAYXdhc2h3aW5lLmNvbSJ9.gMkg35iphcpjQleJsNQI_5-9wl8XkM374jzwpOkuHz4", "created_at": "2024-12-03T14:32:40.168Z", "expires_at": "2024-12-04T14:32:40Z"}}, {"model": "token_blacklist.outstandingtoken", "pk": 15, "fields": {"user": null, "jti": "3606e8866f2a439bb78a457a66068236", "token": "eyJ0eXAiOiJKV1QiLCJhbGciOiJIUzI1NiJ9.eyJ0b2tlbl90eXBlIjoicmVmcmVzaCIsImV4cCI6MTczMzMyMzQ1NCwiaWF0IjoxNzMzMjM3MDU0LCJqdGkiOiIzNjA2ZTg4NjZmMmE0MzliYjc4YTQ1N2E2NjA2ODIzNiIsImVtYWlsIjoibWlraXlhc3RAYXdhc2h3aW5lLmNvbSJ9.9g_YDC5kMQ3wK6enCYdYVLz6GtV5PiwZM4VOzpTTAkU", "created_at": "2024-12-03T14:44:14.030Z", "expires_at": "2024-12-04T14:44:14Z"}}, {"model": "token_blacklist.outstandingtoken", "pk": 16, "fields": {"user": null, "jti": "4aca55c1deab468cb2d8af59d676b240", "token": "eyJ0eXAiOiJKV1QiLCJhbGciOiJIUzI1NiJ9.eyJ0b2tlbl90eXBlIjoicmVmcmVzaCIsImV4cCI6MTczMzMyMzU1MSwiaWF0IjoxNzMzMjM3MTUxLCJqdGkiOiI0YWNhNTVjMWRlYWI0NjhjYjJkOGFmNTlkNjc2YjI0MCIsImVtYWlsIjoibWlraXlhc3RAYXdhc2h3aW5lLmNvbSJ9.dLfBgl2lc3ml5cGRG3uOquGBzDQB5a2WF4-9dzPyrfM", "created_at": "2024-12-03T14:45:51.185Z", "expires_at": "2024-12-04T14:45:51Z"}}, {"model": "token_blacklist.outstandingtoken", "pk": 17, "fields": {"user": null, "jti": "6b6a1981d26d4a55b250b5a59a9d5c1a", "token": "eyJ0eXAiOiJKV1QiLCJhbGciOiJIUzI1NiJ9.eyJ0b2tlbl90eXBlIjoicmVmcmVzaCIsImV4cCI6MTczMzMyMzU3MCwiaWF0IjoxNzMzMjM3MTcwLCJqdGkiOiI2YjZhMTk4MWQyNmQ0YTU1YjI1MGI1YTU5YTlkNWMxYSIsImVtYWlsIjoibWlraXlhc3RAYXdhc2h3aW5lLmNvbSJ9.HZD7LIWAXtGb89bj_lGKwbO3cexpe-VqWD_rgRs5Rlo", "created_at": "2024-12-03T14:46:10.728Z", "expires_at": "2024-12-04T14:46:10Z"}}, {"model": "token_blacklist.outstandingtoken", "pk": 18, "fields": {"user": null, "jti": "24ae81e56f7f49e8b192c5c7e31fd28c", "token": "eyJ0eXAiOiJKV1QiLCJhbGciOiJIUzI1NiJ9.eyJ0b2tlbl90eXBlIjoicmVmcmVzaCIsImV4cCI6MTczMzMyNDAzMiwiaWF0IjoxNzMzMjM3NjMyLCJqdGkiOiIyNGFlODFlNTZmN2Y0OWU4YjE5MmM1YzdlMzFmZDI4YyIsImVtYWlsIjoid2Fub2ZpQGF3YXNod2luZS5jb20ifQ.G7lpnks0ChC7yPAkjINkdoJ4i97PivA8Uv_CsgZP1X0", "created_at": "2024-12-03T14:53:52.042Z", "expires_at": "2024-12-04T14:53:52Z"}}, {"model": "token_blacklist.outstandingtoken", "pk": 19, "fields": {"user": null, "jti": "0326e621a0044f1a8b83811ee4c40a7a", "token": "eyJ0eXAiOiJKV1QiLCJhbGciOiJIUzI1NiJ9.eyJ0b2tlbl90eXBlIjoicmVmcmVzaCIsImV4cCI6MTczMzMyNTM4OSwiaWF0IjoxNzMzMjM4OTg5LCJqdGkiOiIwMzI2ZTYyMWEwMDQ0ZjFhOGI4MzgxMWVlNGM0MGE3YSIsImVtYWlsIjoibWlraXlhc3RAYXdhc2h3aW5lLmNvbSJ9.kNsIimf6Odf12DmTO9jR1Tut3-Q9JLQb4adtsmoTNeM", "created_at": "2024-12-03T15:16:29.841Z", "expires_at": "2024-12-04T15:16:29Z"}}, {"model": "token_blacklist.outstandingtoken", "pk": 20, "fields": {"user": null, "jti": "8a69178dd6a644f98b928fd8e373e685", "token": "eyJ0eXAiOiJKV1QiLCJhbGciOiJIUzI1NiJ9.eyJ0b2tlbl90eXBlIjoicmVmcmVzaCIsImV4cCI6MTczMzMyNTQ2NywiaWF0IjoxNzMzMjM5MDY3LCJqdGkiOiI4YTY5MTc4ZGQ2YTY0NGY5OGI5MjhmZDhlMzczZTY4NSIsImVtYWlsIjoid2Fub2ZpQGF3YXNod2luZS5jb20ifQ.zmOKtxkF2sF7BJihLRjvBYo5pmKBDPTTcJ_8pypvzh8", "created_at": "2024-12-03T15:17:47.666Z", "expires_at": "2024-12-04T15:17:47Z"}}, {"model": "token_blacklist.outstandingtoken", "pk": 21, "fields": {"user": null, "jti": "f17b7b06e57f4bb29927e542b931896b", "token": "eyJ0eXAiOiJKV1QiLCJhbGciOiJIUzI1NiJ9.eyJ0b2tlbl90eXBlIjoicmVmcmVzaCIsImV4cCI6MTczMzMyNzM2OCwiaWF0IjoxNzMzMjQwOTY4LCJqdGkiOiJmMTdiN2IwNmU1N2Y0YmIyOTkyN2U1NDJiOTMxODk2YiIsImVtYWlsIjoibWlraXlhc3RAYXdhc2h3aW5lLmNvbSJ9.9skrUX9MVY31uSZChhroPiQb7A4AmBM3uffFdmwR4b4", "created_at": "2024-12-03T15:49:28.669Z", "expires_at": "2024-12-04T15:49:28Z"}}, {"model": "token_blacklist.outstandingtoken", "pk": 22, "fields": {"user": null, "jti": "4504f060b1bf40a4bc0621b0384130da", "token": "eyJ0eXAiOiJKV1QiLCJhbGciOiJIUzI1NiJ9.eyJ0b2tlbl90eXBlIjoicmVmcmVzaCIsImV4cCI6MTczMzMyNzQwMywiaWF0IjoxNzMzMjQxMDAzLCJqdGkiOiI0NTA0ZjA2MGIxYmY0MGE0YmMwNjIxYjAzODQxMzBkYSIsImVtYWlsIjoid2Fub2ZpQGF3YXNod2luZS5jb20ifQ.IPRMzbnGg4fdkcm0mVTfCssfbbIx53txRboaz21O8-M", "created_at": "2024-12-03T15:50:03.237Z", "expires_at": "2024-12-04T15:50:03Z"}}, {"model": "token_blacklist.outstandingtoken", "pk": 23, "fields": {"user": null, "jti": "9219b689e238411da29a05f4336dcc77", "token": "eyJ0eXAiOiJKV1QiLCJhbGciOiJIUzI1NiJ9.eyJ0b2tlbl90eXBlIjoicmVmcmVzaCIsImV4cCI6MTczMzMzMzgxNywiaWF0IjoxNzMzMjQ3NDE3LCJqdGkiOiI5MjE5YjY4OWUyMzg0MTFkYTI5YTA1ZjQzMzZkY2M3NyIsImVtYWlsIjoid2Fub2ZpQGF3YXNod2luZS5jb20ifQ.9rLMYBf-pT7rvrdexwNY7S81VIkeNE4ZTydSAkS-NAY", "created_at": "2024-12-03T17:36:57.178Z", "expires_at": "2024-12-04T17:36:57Z"}}, {"model": "token_blacklist.outstandingtoken", "pk": 24, "fields": {"user": null, "jti": "dc8eb24e377b4377845b7c2e7184da5b", "token": "eyJ0eXAiOiJKV1QiLCJhbGciOiJIUzI1NiJ9.eyJ0b2tlbl90eXBlIjoicmVmcmVzaCIsImV4cCI6MTczMzM3NzMxOCwiaWF0IjoxNzMzMjkwOTE4LCJqdGkiOiJkYzhlYjI0ZTM3N2I0Mzc3ODQ1YjdjMmU3MTg0ZGE1YiIsImVtYWlsIjoid2Fub2ZpQGF3YXNod2luZS5jb20ifQ.YWI00DfUdnIxRXin5ryCvJsQMKJfQfLNnAxi0hD-sz8", "created_at": "2024-12-04T05:41:58.512Z", "expires_at": "2024-12-05T05:41:58Z"}}, {"model": "token_blacklist.outstandingtoken", "pk": 25, "fields": {"user": null, "jti": "94b7082d8b644513baec2b59aaab0cf7", "token": "eyJ0eXAiOiJKV1QiLCJhbGciOiJIUzI1NiJ9.eyJ0b2tlbl90eXBlIjoicmVmcmVzaCIsImV4cCI6MTczMzM3NzYwMywiaWF0IjoxNzMzMjkxMjAzLCJqdGkiOiI5NGI3MDgyZDhiNjQ0NTEzYmFlYzJiNTlhYWFiMGNmNyIsImVtYWlsIjoid2Fub2ZpQGF3YXNod2luZS5jb20ifQ.m3z6OluSkGl5Mpm0Tw0eTefNrRqL9dCVUhFKoc3dTNg", "created_at": "2024-12-04T05:46:43.479Z", "expires_at": "2024-12-05T05:46:43Z"}}, {"model": "token_blacklist.outstandingtoken", "pk": 26, "fields": {"user": null, "jti": "67d6bd000c2f453181bc1ba03cd0557a", "token": "eyJ0eXAiOiJKV1QiLCJhbGciOiJIUzI1NiJ9.eyJ0b2tlbl90eXBlIjoicmVmcmVzaCIsImV4cCI6MTczMzM3NzYyNiwiaWF0IjoxNzMzMjkxMjI2LCJqdGkiOiI2N2Q2YmQwMDBjMmY0NTMxODFiYzFiYTAzY2QwNTU3YSIsImVtYWlsIjoid2Fub2ZpQGF3YXNod2luZS5jb20ifQ.zbCXNEuvR8n_05bWWbwQhQUbi77v38aV3G92xLJSSY8", "created_at": "2024-12-04T05:47:06.929Z", "expires_at": "2024-12-05T05:47:06Z"}}, {"model": "token_blacklist.outstandingtoken", "pk": 27, "fields": {"user": null, "jti": "d6de3cd077bf4e48b0d4a5e97a84357a", "token": "eyJ0eXAiOiJKV1QiLCJhbGciOiJIUzI1NiJ9.eyJ0b2tlbl90eXBlIjoicmVmcmVzaCIsImV4cCI6MTczMzM3NzY5OCwiaWF0IjoxNzMzMjkxMjk4LCJqdGkiOiJkNmRlM2NkMDc3YmY0ZTQ4YjBkNGE1ZTk3YTg0MzU3YSIsImVtYWlsIjoibWlraXlhc3RAYXdhc2h3aW5lLmNvbSJ9.VwmrYs3NMa8QMQqy1HbATq2O-QFl-eYAnzcESce12iY", "created_at": "2024-12-04T05:48:18.093Z", "expires_at": "2024-12-05T05:48:18Z"}}, {"model": "token_blacklist.outstandingtoken", "pk": 28, "fields": {"user": null, "jti": "aadd4f877e5d419682785c013d1d20b3", "token": "eyJ0eXAiOiJKV1QiLCJhbGciOiJIUzI1NiJ9.eyJ0b2tlbl90eXBlIjoicmVmcmVzaCIsImV4cCI6MTczMzM3ODI2MywiaWF0IjoxNzMzMjkxODYzLCJqdGkiOiJhYWRkNGY4NzdlNWQ0MTk2ODI3ODVjMDEzZDFkMjBiMyIsImVtYWlsIjoid2Fub2ZpQGF3YXNod2luZS5jb20ifQ.DHd_75P52c0iHBqTnHMz5npMOnLw-yHNb-t73d-crpo", "created_at": "2024-12-04T05:57:43.937Z", "expires_at": "2024-12-05T05:57:43Z"}}, {"model": "token_blacklist.outstandingtoken", "pk": 29, "fields": {"user": null, "jti": "6c282874a13e4fc39fb71147baf166b8", "token": "eyJ0eXAiOiJKV1QiLCJhbGciOiJIUzI1NiJ9.eyJ0b2tlbl90eXBlIjoicmVmcmVzaCIsImV4cCI6MTczMzM3ODk5NywiaWF0IjoxNzMzMjkyNTk3LCJqdGkiOiI2YzI4Mjg3NGExM2U0ZmMzOWZiNzExNDdiYWYxNjZiOCIsImVtYWlsIjoibWlraXlhc3RAYXdhc2h3aW5lLmNvbSJ9.lXPRLCtioFbqFoROhYc-xe57_bQzq2s-h1w_JX2zqoQ", "created_at": "2024-12-04T06:09:57.510Z", "expires_at": "2024-12-05T06:09:57Z"}}, {"model": "token_blacklist.outstandingtoken", "pk": 30, "fields": {"user": null, "jti": "48fa7f9ef0da4bbfae043b5228764110", "token": "eyJ0eXAiOiJKV1QiLCJhbGciOiJIUzI1NiJ9.eyJ0b2tlbl90eXBlIjoicmVmcmVzaCIsImV4cCI6MTczMzM4MDg0OCwiaWF0IjoxNzMzMjk0NDQ4LCJqdGkiOiI0OGZhN2Y5ZWYwZGE0YmJmYWUwNDNiNTIyODc2NDExMCIsImVtYWlsIjoibWlraXlhc3RAYXdhc2h3aW5lLmNvbSJ9.am83XefxMXTg8wtN5y8E0PR4WZKkRkNfYDPuOBTiMO0", "created_at": "2024-12-04T06:40:48.534Z", "expires_at": "2024-12-05T06:40:48Z"}}, {"model": "token_blacklist.outstandingtoken", "pk": 31, "fields": {"user": null, "jti": "cf071492d10e4534a50219b73322c96f", "token": "eyJ0eXAiOiJKV1QiLCJhbGciOiJIUzI1NiJ9.eyJ0b2tlbl90eXBlIjoicmVmcmVzaCIsImV4cCI6MTczMzM4MTE1NSwiaWF0IjoxNzMzMjk0NzU1LCJqdGkiOiJjZjA3MTQ5MmQxMGU0NTM0YTUwMjE5YjczMzIyYzk2ZiIsImVtYWlsIjoid2Fub2ZpQGF3YXNod2luZS5jb20ifQ.b6xK6DBD7bavVA5kR0G-OuDUoMAl9W5vjQNCEt702Oc", "created_at": "2024-12-04T06:45:55.987Z", "expires_at": "2024-12-05T06:45:55Z"}}, {"model": "token_blacklist.outstandingtoken", "pk": 32, "fields": {"user": null, "jti": "1922e25d269b4e2a9bd19c901fcf3264", "token": "eyJ0eXAiOiJKV1QiLCJhbGciOiJIUzI1NiJ9.eyJ0b2tlbl90eXBlIjoicmVmcmVzaCIsImV4cCI6MTczMzM4MzY4NCwiaWF0IjoxNzMzMjk3Mjg0LCJqdGkiOiIxOTIyZTI1ZDI2OWI0ZTJhOWJkMTljOTAxZmNmMzI2NCIsImVtYWlsIjoid2Fub2ZpQGF3YXNod2luZS5jb20ifQ.U5UXdkjVJhnGZqK9QEUQXEyX0OPihAh66BYURDnf8HY", "created_at": "2024-12-04T07:28:04.862Z", "expires_at": "2024-12-05T07:28:04Z"}}, {"model": "token_blacklist.outstandingtoken", "pk": 33, "fields": {"user": null, "jti": "c7c1b968b8cb44c8a8fcae7f50ec97c9", "token": "eyJ0eXAiOiJKV1QiLCJhbGciOiJIUzI1NiJ9.eyJ0b2tlbl90eXBlIjoicmVmcmVzaCIsImV4cCI6MTczMzM4NTQxOSwiaWF0IjoxNzMzMjk5MDE5LCJqdGkiOiJjN2MxYjk2OGI4Y2I0NGM4YThmY2FlN2Y1MGVjOTdjOSIsImVtYWlsIjoid2Fub2ZpQGF3YXNod2luZS5jb20ifQ.-pXOLMwjzkXnoVDBL5VVUwPGWkUsaZeIOShrOY13hDo", "created_at": "2024-12-04T07:56:59.338Z", "expires_at": "2024-12-05T07:56:59Z"}}, {"model": "token_blacklist.outstandingtoken", "pk": 34, "fields": {"user": null, "jti": "8da56c4f667c4efb81263b4bbdd86eff", "token": "eyJ0eXAiOiJKV1QiLCJhbGciOiJIUzI1NiJ9.eyJ0b2tlbl90eXBlIjoicmVmcmVzaCIsImV4cCI6MTczMzM4NTc4MSwiaWF0IjoxNzMzMjk5MzgxLCJqdGkiOiI4ZGE1NmM0ZjY2N2M0ZWZiODEyNjNiNGJiZGQ4NmVmZiIsImVtYWlsIjoid2Fub2ZpQGF3YXNod2luZS5jb20ifQ.4ZA23KmHCX2DhmYjAMN6em7t7ak6QdpfH2dlmXCq7pI", "created_at": "2024-12-04T08:03:01.866Z", "expires_at": "2024-12-05T08:03:01Z"}}, {"model": "token_blacklist.outstandingtoken", "pk": 35, "fields": {"user": null, "jti": "f79c4a4e5e79450bae2ea1afb5ead260", "token": "eyJ0eXAiOiJKV1QiLCJhbGciOiJIUzI1NiJ9.eyJ0b2tlbl90eXBlIjoicmVmcmVzaCIsImV4cCI6MTczMzM4ODg1OCwiaWF0IjoxNzMzMzAyNDU4LCJqdGkiOiJmNzljNGE0ZTVlNzk0NTBiYWUyZWExYWZiNWVhZDI2MCIsImVtYWlsIjoid2Fub2ZpQGF3YXNod2luZS5jb20ifQ.QLQb2VLONW8zT8I-Wdska8z-WtvLWnq1BGPuTCV00Nw", "created_at": "2024-12-04T08:54:18.358Z", "expires_at": "2024-12-05T08:54:18Z"}}, {"model": "token_blacklist.outstandingtoken", "pk": 36, "fields": {"user": null, "jti": "43946f448bc648e7b14d8f5d310d745a", "token": "eyJ0eXAiOiJKV1QiLCJhbGciOiJIUzI1NiJ9.eyJ0b2tlbl90eXBlIjoicmVmcmVzaCIsImV4cCI6MTczMzM5NzA0NCwiaWF0IjoxNzMzMzEwNjQ0LCJqdGkiOiI0Mzk0NmY0NDhiYzY0OGU3YjE0ZDhmNWQzMTBkNzQ1YSIsImVtYWlsIjoibWlraXlhc3RAYXdhc2h3aW5lLmNvbSJ9.AQe9yEMrVL3JlxyIRg80HL3qy_4q_YEU5bOZgaIuj1Y", "created_at": "2024-12-04T11:10:44.863Z", "expires_at": "2024-12-05T11:10:44Z"}}, {"model": "token_blacklist.outstandingtoken", "pk": 37, "fields": {"user": null, "jti": "01ed86e5d94849e7a676e597eb32afdc", "token": "eyJ0eXAiOiJKV1QiLCJhbGciOiJIUzI1NiJ9.eyJ0b2tlbl90eXBlIjoicmVmcmVzaCIsImV4cCI6MTczMzM5NzE1NCwiaWF0IjoxNzMzMzEwNzU0LCJqdGkiOiIwMWVkODZlNWQ5NDg0OWU3YTY3NmU1OTdlYjMyYWZkYyIsImVtYWlsIjoid2Fub2ZpQGF3YXNod2luZS5jb20ifQ.HEQ9oZmet9j5Zr2CZX87v0Tp1jWg5ha_R0_zoQA1Mmo", "created_at": "2024-12-04T11:12:34.251Z", "expires_at": "2024-12-05T11:12:34Z"}}, {"model": "token_blacklist.outstandingtoken", "pk": 38, "fields": {"user": null, "jti": "a62445a638d040b896e5031dcd419c72", "token": "eyJ0eXAiOiJKV1QiLCJhbGciOiJIUzI1NiJ9.eyJ0b2tlbl90eXBlIjoicmVmcmVzaCIsImV4cCI6MTczMzQxMzk3MywiaWF0IjoxNzMzMzI3NTczLCJqdGkiOiJhNjI0NDVhNjM4ZDA0MGI4OTZlNTAzMWRjZDQxOWM3MiIsImVtYWlsIjoid2Fub2ZpQGF3YXNod2luZS5jb20ifQ.aPp1BDua-bpU3QY9-blwZtVRyb3_qvsWTta2yLdYtfk", "created_at": "2024-12-04T15:52:53.542Z", "expires_at": "2024-12-05T15:52:53Z"}}, {"model": "token_blacklist.outstandingtoken", "pk": 39, "fields": {"user": null, "jti": "1449d8aad4d74517b206cfd5456585f5", "token": "eyJ0eXAiOiJKV1QiLCJhbGciOiJIUzI1NiJ9.eyJ0b2tlbl90eXBlIjoicmVmcmVzaCIsImV4cCI6MTczMzQxNDA2OSwiaWF0IjoxNzMzMzI3NjY5LCJqdGkiOiIxNDQ5ZDhhYWQ0ZDc0NTE3YjIwNmNmZDU0NTY1ODVmNSIsImVtYWlsIjoibWlraXlhc3RAYXdhc2h3aW5lLmNvbSJ9.-_OEpgAEHz5I15L11xY5zsNamD2zscns-zonuo6x8kw", "created_at": "2024-12-04T15:54:29.379Z", "expires_at": "2024-12-05T15:54:29Z"}}, {"model": "token_blacklist.outstandingtoken", "pk": 40, "fields": {"user": null, "jti": "1b3f04d7fed240b4bf55bc319e1d6a50", "token": "eyJ0eXAiOiJKV1QiLCJhbGciOiJIUzI1NiJ9.eyJ0b2tlbl90eXBlIjoicmVmcmVzaCIsImV4cCI6MTczMzQxNDE1NiwiaWF0IjoxNzMzMzI3NzU2LCJqdGkiOiIxYjNmMDRkN2ZlZDI0MGI0YmY1NWJjMzE5ZTFkNmE1MCIsImVtYWlsIjoid2Fub2ZpQGF3YXNod2luZS5jb20ifQ.Xo6mOglZeKEQz5iHPkeoTmdIeJn1DDoi2VzlXs78R4Y", "created_at": "2024-12-04T15:55:56.341Z", "expires_at": "2024-12-05T15:55:56Z"}}, {"model": "token_blacklist.outstandingtoken", "pk": 41, "fields": {"user": null, "jti": "9fb7eb01f4664841a8f0defa6ec02885", "token": "eyJ0eXAiOiJKV1QiLCJhbGciOiJIUzI1NiJ9.eyJ0b2tlbl90eXBlIjoicmVmcmVzaCIsImV4cCI6MTczMzQyMjQ5OSwiaWF0IjoxNzMzMzM2MDk5LCJqdGkiOiI5ZmI3ZWIwMWY0NjY0ODQxYThmMGRlZmE2ZWMwMjg4NSIsImVtYWlsIjoid2Fub2ZpQGF3YXNod2luZS5jb20ifQ.OHB4p-v1sMDD2iwMJr5XJXoH828tYm7_1Ubo83HwixE", "created_at": "2024-12-04T18:14:59.549Z", "expires_at": "2024-12-05T18:14:59Z"}}, {"model": "token_blacklist.outstandingtoken", "pk": 42, "fields": {"user": null, "jti": "e0936e89ade846698865fdf0c2131bdf", "token": "eyJ0eXAiOiJKV1QiLCJhbGciOiJIUzI1NiJ9.eyJ0b2tlbl90eXBlIjoicmVmcmVzaCIsImV4cCI6MTczMzQyMzE1MywiaWF0IjoxNzMzMzM2NzUzLCJqdGkiOiJlMDkzNmU4OWFkZTg0NjY5ODg2NWZkZjBjMjEzMWJkZiIsImVtYWlsIjoid2Fub2ZpQGF3YXNod2luZS5jb20ifQ.NYA-c7_FYBgbUtd2arCihDpp7aqB6gpux_Don7uelZI", "created_at": "2024-12-04T18:25:53.081Z", "expires_at": "2024-12-05T18:25:53Z"}}, {"model": "token_blacklist.outstandingtoken", "pk": 43, "fields": {"user": null, "jti": "fd535e50ffe448d78c6deab2a433edb6", "token": "eyJ0eXAiOiJKV1QiLCJhbGciOiJIUzI1NiJ9.eyJ0b2tlbl90eXBlIjoicmVmcmVzaCIsImV4cCI6MTczMzQ3NjYzOSwiaWF0IjoxNzMzMzkwMjM5LCJqdGkiOiJmZDUzNWU1MGZmZTQ0OGQ3OGM2ZGVhYjJhNDMzZWRiNiIsImVtYWlsIjoid2Fub2ZpQGF3YXNod2luZS5jb20ifQ.ziokv9pkXfhvhJqoyywcbpugDgULP3cXa_SWowaTJAQ", "created_at": "2024-12-05T09:17:19.108Z", "expires_at": "2024-12-06T09:17:19Z"}}, {"model": "token_blacklist.outstandingtoken", "pk": 44, "fields": {"user": null, "jti": "4e38bcc924c44b3c9e46ac3b75cb4bde", "token": "eyJ0eXAiOiJKV1QiLCJhbGciOiJIUzI1NiJ9.eyJ0b2tlbl90eXBlIjoicmVmcmVzaCIsImV4cCI6MTczMzQ3NjY2OCwiaWF0IjoxNzMzMzkwMjY4LCJqdGkiOiI0ZTM4YmNjOTI0YzQ0YjNjOWU0NmFjM2I3NWNiNGJkZSIsImVtYWlsIjoid2Fub2ZpQGF3YXNod2luZS5jb20ifQ.IPwB7nAdFSIq-2Ju5Xqgqv6DEArtEhM_Zgv_ef4hpsw", "created_at": "2024-12-05T09:17:48.159Z", "expires_at": "2024-12-06T09:17:48Z"}}, {"model": "token_blacklist.outstandingtoken", "pk": 45, "fields": {"user": null, "jti": "6e96e5c34450421598053ad1ca16c499", "token": "eyJ0eXAiOiJKV1QiLCJhbGciOiJIUzI1NiJ9.eyJ0b2tlbl90eXBlIjoicmVmcmVzaCIsImV4cCI6MTczMzQ3Njc2NSwiaWF0IjoxNzMzMzkwMzY1LCJqdGkiOiI2ZTk2ZTVjMzQ0NTA0MjE1OTgwNTNhZDFjYTE2YzQ5OSIsImVtYWlsIjoid2Fub2ZpQGF3YXNod2luZS5jb20ifQ.csYOVuoQOB71uOK5Plh4HMoWlBt3XUQoehPVRM4eT1o", "created_at": "2024-12-05T09:19:25.675Z", "expires_at": "2024-12-06T09:19:25Z"}}, {"model": "token_blacklist.outstandingtoken", "pk": 46, "fields": {"user": null, "jti": "6e4680af2acb43f08c7215e4a1779bdd", "token": "eyJ0eXAiOiJKV1QiLCJhbGciOiJIUzI1NiJ9.eyJ0b2tlbl90eXBlIjoicmVmcmVzaCIsImV4cCI6MTczMzQ3Njc3OSwiaWF0IjoxNzMzMzkwMzc5LCJqdGkiOiI2ZTQ2ODBhZjJhY2I0M2YwOGM3MjE1ZTRhMTc3OWJkZCIsImVtYWlsIjoid2Fub2ZpQGF3YXNod2luZS5jb20ifQ.8HLuT25HRzZcqKUt1IficXTcomGLba2ZxHGAyx-4TfI", "created_at": "2024-12-05T09:19:39.432Z", "expires_at": "2024-12-06T09:19:39Z"}}, {"model": "token_blacklist.outstandingtoken", "pk": 47, "fields": {"user": null, "jti": "97f82cd81d9a42ab9dafa179bf743b4c", "token": "eyJ0eXAiOiJKV1QiLCJhbGciOiJIUzI1NiJ9.eyJ0b2tlbl90eXBlIjoicmVmcmVzaCIsImV4cCI6MTczMzQ5NzE2MiwiaWF0IjoxNzMzNDEwNzYyLCJqdGkiOiI5N2Y4MmNkODFkOWE0MmFiOWRhZmExNzliZjc0M2I0YyIsImVtYWlsIjoibWlraXlhc3RAYXdhc2h3aW5lLmNvbSJ9.mxv_DY4J2Rcm1IbRx7GskKi1kp3LTbvuHW7ZF2rUREw", "created_at": "2024-12-05T14:59:22.599Z", "expires_at": "2024-12-06T14:59:22Z"}}, {"model": "token_blacklist.outstandingtoken", "pk": 48, "fields": {"user": null, "jti": "3d63fe6002774058b067c1c26008fb7d", "token": "eyJ0eXAiOiJKV1QiLCJhbGciOiJIUzI1NiJ9.eyJ0b2tlbl90eXBlIjoicmVmcmVzaCIsImV4cCI6MTczMzQ5NzI3NSwiaWF0IjoxNzMzNDEwODc1LCJqdGkiOiIzZDYzZmU2MDAyNzc0MDU4YjA2N2MxYzI2MDA4ZmI3ZCIsImVtYWlsIjoid2Fub2ZpQGF3YXNod2luZS5jb20ifQ.jok6UiIb7eW7M5NZSihE5EiJiuuxU3ZU3a6YUA9wG_8", "created_at": "2024-12-05T15:01:15.634Z", "expires_at": "2024-12-06T15:01:15Z"}}, {"model": "token_blacklist.outstandingtoken", "pk": 49, "fields": {"user": null, "jti": "96e1bba6bddd40c0aeb620135399af35", "token": "eyJ0eXAiOiJKV1QiLCJhbGciOiJIUzI1NiJ9.eyJ0b2tlbl90eXBlIjoicmVmcmVzaCIsImV4cCI6MTczMzg0MzAxNiwiaWF0IjoxNzMzNzU2NjE2LCJqdGkiOiI5NmUxYmJhNmJkZGQ0MGMwYWViNjIwMTM1Mzk5YWYzNSIsImVtYWlsIjoibWlraXlhc3RAYXdhc2h3aW5lLmNvbSJ9.Lg-oFPDUGm9AxO38O_0bgjvXMShBHg7h2ag7yxTaWQE", "created_at": "2024-12-09T15:03:36.098Z", "expires_at": "2024-12-10T15:03:36Z"}}, {"model": "token_blacklist.outstandingtoken", "pk": 50, "fields": {"user": null, "jti": "913bd55c7c384e07ae16fb54fbe9988a", "token": "eyJ0eXAiOiJKV1QiLCJhbGciOiJIUzI1NiJ9.eyJ0b2tlbl90eXBlIjoicmVmcmVzaCIsImV4cCI6MTczMzg0MzA3NiwiaWF0IjoxNzMzNzU2Njc2LCJqdGkiOiI5MTNiZDU1YzdjMzg0ZTA3YWUxNmZiNTRmYmU5OTg4YSIsImVtYWlsIjoid2Fub2ZpQGF3YXNod2luZS5jb20ifQ.XDCsSWW-hOgxJwxPQau8ZkTs9zCWDSln0B9smIrKs1c", "created_at": "2024-12-09T15:04:36.597Z", "expires_at": "2024-12-10T15:04:36Z"}}, {"model": "token_blacklist.outstandingtoken", "pk": 51, "fields": {"user": null, "jti": "7e504d9b095f4be9adca18303d594b9a", "token": "eyJ0eXAiOiJKV1QiLCJhbGciOiJIUzI1NiJ9.eyJ0b2tlbl90eXBlIjoicmVmcmVzaCIsImV4cCI6MTczNDExMzM5MCwiaWF0IjoxNzM0MDI2OTkwLCJqdGkiOiI3ZTUwNGQ5YjA5NWY0YmU5YWRjYTE4MzAzZDU5NGI5YSIsImVtYWlsIjoid2Fub2ZpQGF3YXNod2luZS5jb20ifQ.2p62tx02TJcbOerkRC9EIJfo-hhFrpPmb4aeHrHoZRw", "created_at": "2024-12-12T18:09:50.980Z", "expires_at": "2024-12-13T18:09:50Z"}}, {"model": "token_blacklist.outstandingtoken", "pk": 52, "fields": {"user": null, "jti": "ea9fab42d9544a60b64471efc29f4813", "token": "eyJ0eXAiOiJKV1QiLCJhbGciOiJIUzI1NiJ9.eyJ0b2tlbl90eXBlIjoicmVmcmVzaCIsImV4cCI6MTczNDExMzQyNSwiaWF0IjoxNzM0MDI3MDI1LCJqdGkiOiJlYTlmYWI0MmQ5NTQ0YTYwYjY0NDcxZWZjMjlmNDgxMyIsImVtYWlsIjoibWlraXlhc3RAYXdhc2h3aW5lLmNvbSJ9.bs8KldjNrfPN-W6l6bDy4xnnpy6Ars0haDyySFAzvPg", "created_at": "2024-12-12T18:10:25.655Z", "expires_at": "2024-12-13T18:10:25Z"}}, {"model": "token_blacklist.outstandingtoken", "pk": 53, "fields": {"user": null, "jti": "73f3f956c35f4c7d85a15b86fd3782a8", "token": "eyJ0eXAiOiJKV1QiLCJhbGciOiJIUzI1NiJ9.eyJ0b2tlbl90eXBlIjoicmVmcmVzaCIsImV4cCI6MTczNDExMzQ3OCwiaWF0IjoxNzM0MDI3MDc4LCJqdGkiOiI3M2YzZjk1NmMzNWY0YzdkODVhMTViODZmZDM3ODJhOCIsImVtYWlsIjoid2Fub2ZpQGF3YXNod2luZS5jb20ifQ.Cl64v8I0SYp9Rvivb33oob1oSJwP-JIJZ44pwKb02yY", "created_at": "2024-12-12T18:11:18.453Z", "expires_at": "2024-12-13T18:11:18Z"}}, {"model": "token_blacklist.outstandingtoken", "pk": 54, "fields": {"user": null, "jti": "7e0a7ff1496c4a29b3c6dfede8afc155", "token": "eyJ0eXAiOiJKV1QiLCJhbGciOiJIUzI1NiJ9.eyJ0b2tlbl90eXBlIjoicmVmcmVzaCIsImV4cCI6MTczNDgwNjY4MCwiaWF0IjoxNzM0NzIwMjgwLCJqdGkiOiI3ZTBhN2ZmMTQ5NmM0YTI5YjNjNmRmZWRlOGFmYzE1NSIsImVtYWlsIjoid2Fub2ZpQGF3YXNod2luZS5jb20ifQ.WaWee0LKzr3klJEpHhR-tCzzEjSg09iCOBhodqtrLdw", "created_at": "2024-12-20T18:44:40.370Z", "expires_at": "2024-12-21T18:44:40Z"}}, {"model": "token_blacklist.outstandingtoken", "pk": 55, "fields": {"user": null, "jti": "d3db6fb179e1434d8e75062534a1054f", "token": "eyJ0eXAiOiJKV1QiLCJhbGciOiJIUzI1NiJ9.eyJ0b2tlbl90eXBlIjoicmVmcmVzaCIsImV4cCI6MTczNDgwNjc1NiwiaWF0IjoxNzM0NzIwMzU2LCJqdGkiOiJkM2RiNmZiMTc5ZTE0MzRkOGU3NTA2MjUzNGExMDU0ZiIsImVtYWlsIjoibWlraXlhc3RAYXdhc2h3aW5lLmNvbSJ9.JvLEUnxjgTq6ycYxp5f97c380FFD_6h68sQjryBdCEM", "created_at": "2024-12-20T18:45:56.257Z", "expires_at": "2024-12-21T18:45:56Z"}}, {"model": "token_blacklist.outstandingtoken", "pk": 56, "fields": {"user": null, "jti": "ccdffceed24d45d6973935c13cb84bf2", "token": "eyJ0eXAiOiJKV1QiLCJhbGciOiJIUzI1NiJ9.eyJ0b2tlbl90eXBlIjoicmVmcmVzaCIsImV4cCI6MTczNDgwNjc4MiwiaWF0IjoxNzM0NzIwMzgyLCJqdGkiOiJjY2RmZmNlZWQyNGQ0NWQ2OTczOTM1YzEzY2I4NGJmMiIsImVtYWlsIjoid2Fub2ZpQGF3YXNod2luZS5jb20ifQ.pmh5xeCQo3dyHI5kO1uHP27x3KMGN2yBdsDnAFcIRz4", "created_at": "2024-12-20T18:46:22.520Z", "expires_at": "2024-12-21T18:46:22Z"}}, {"model": "token_blacklist.outstandingtoken", "pk": 57, "fields": {"user": null, "jti": "39a609ebcfeb480dbe69c228832f6aff", "token": "eyJ0eXAiOiJKV1QiLCJhbGciOiJIUzI1NiJ9.eyJ0b2tlbl90eXBlIjoicmVmcmVzaCIsImV4cCI6MTczNTExNTM2OSwiaWF0IjoxNzM1MDI4OTY5LCJqdGkiOiIzOWE2MDllYmNmZWI0ODBkYmU2OWMyMjg4MzJmNmFmZiIsImVtYWlsIjoid2Fub2ZpQGF3YXNod2luZS5jb20ifQ.369yP-EyhxVv7y2trGs75zK863_blS_4fMsOwQu2ss0", "created_at": "2024-12-24T08:29:29.211Z", "expires_at": "2024-12-25T08:29:29Z"}}, {"model": "token_blacklist.outstandingtoken", "pk": 58, "fields": {"user": null, "jti": "ca07dffd36144e7ba1f6b916ce4348d8", "token": "eyJ0eXAiOiJKV1QiLCJhbGciOiJIUzI1NiJ9.eyJ0b2tlbl90eXBlIjoicmVmcmVzaCIsImV4cCI6MTczNTExNjQ2MSwiaWF0IjoxNzM1MDMwMDYxLCJqdGkiOiJjYTA3ZGZmZDM2MTQ0ZTdiYTFmNmI5MTZjZTQzNDhkOCIsImVtYWlsIjoibWlraXlhc3RAYXdhc2h3aW5lLmNvbSJ9.MxusO8b6pJnNaKy2_RQoswJcAffuUMe-5YyosX-pH5Y", "created_at": "2024-12-24T08:47:41.464Z", "expires_at": "2024-12-25T08:47:41Z"}}, {"model": "token_blacklist.outstandingtoken", "pk": 59, "fields": {"user": null, "jti": "2f2c55d297aa445587ef3740e96e7628", "token": "eyJ0eXAiOiJKV1QiLCJhbGciOiJIUzI1NiJ9.eyJ0b2tlbl90eXBlIjoicmVmcmVzaCIsImV4cCI6MTczNTExNjUzNywiaWF0IjoxNzM1MDMwMTM3LCJqdGkiOiIyZjJjNTVkMjk3YWE0NDU1ODdlZjM3NDBlOTZlNzYyOCIsImVtYWlsIjoid2Fub2ZpQGF3YXNod2luZS5jb20ifQ.fY30ZVx7jqRuaanVHBea_5toe-1rsx-3seuRRxZ8pIQ", "created_at": "2024-12-24T08:48:57.865Z", "expires_at": "2024-12-25T08:48:57Z"}}, {"model": "token_blacklist.outstandingtoken", "pk": 60, "fields": {"user": null, "jti": "6de770cda9f246139db389a931c7843c", "token": "eyJ0eXAiOiJKV1QiLCJhbGciOiJIUzI1NiJ9.eyJ0b2tlbl90eXBlIjoicmVmcmVzaCIsImV4cCI6MTczNTExNzE3NSwiaWF0IjoxNzM1MDMwNzc1LCJqdGkiOiI2ZGU3NzBjZGE5ZjI0NjEzOWRiMzg5YTkzMWM3ODQzYyIsImVtYWlsIjoiZGFuaWVsQGF3YXNod2luZS5jb20ifQ.UGD1FZwve_im8pdJ2Mhehh7sZlFc0HbN59sSNs4K0Po", "created_at": "2024-12-24T08:59:35.967Z", "expires_at": "2024-12-25T08:59:35Z"}}, {"model": "token_blacklist.outstandingtoken", "pk": 61, "fields": {"user": null, "jti": "d08f355fa5554cb888804b499183dda7", "token": "eyJ0eXAiOiJKV1QiLCJhbGciOiJIUzI1NiJ9.eyJ0b2tlbl90eXBlIjoicmVmcmVzaCIsImV4cCI6MTczNTExNzM0MywiaWF0IjoxNzM1MDMwOTQzLCJqdGkiOiJkMDhmMzU1ZmE1NTU0Y2I4ODg4MDRiNDk5MTgzZGRhNyIsImVtYWlsIjoiZGFuaWVsQGF3YXNod2luZS5jb20ifQ.lq1GjRk5RW7G9ttJi1KSY8BTcrWg5dzc_uNu8dBV6So", "created_at": "2024-12-24T09:02:23.746Z", "expires_at": "2024-12-25T09:02:23Z"}}, {"model": "token_blacklist.outstandingtoken", "pk": 62, "fields": {"user": null, "jti": "7c38f963288046ed9023a58cace61d0d", "token": "eyJ0eXAiOiJKV1QiLCJhbGciOiJIUzI1NiJ9.eyJ0b2tlbl90eXBlIjoicmVmcmVzaCIsImV4cCI6MTczNTExNzM4OCwiaWF0IjoxNzM1MDMwOTg4LCJqdGkiOiI3YzM4Zjk2MzI4ODA0NmVkOTAyM2E1OGNhY2U2MWQwZCIsImVtYWlsIjoibWlraXlhc3RAYXdhc2h3aW5lLmNvbSJ9.8DBUqBrgegXsZqcJx0BOOt5Q5VE9Fo9L6k-StswAwLA", "created_at": "2024-12-24T09:03:08.429Z", "expires_at": "2024-12-25T09:03:08Z"}}, {"model": "token_blacklist.outstandingtoken", "pk": 63, "fields": {"user": null, "jti": "cb3acf3022324d5982460df4d6eccd20", "token": "eyJ0eXAiOiJKV1QiLCJhbGciOiJIUzI1NiJ9.eyJ0b2tlbl90eXBlIjoicmVmcmVzaCIsImV4cCI6MTczNTExNzQzMCwiaWF0IjoxNzM1MDMxMDMwLCJqdGkiOiJjYjNhY2YzMDIyMzI0ZDU5ODI0NjBkZjRkNmVjY2QyMCIsImVtYWlsIjoiZGFuaWVsQGF3YXNod2luZS5jb20ifQ.3g6fsK7Qy4j85UX7VKVBERHMXs7zk3lHDZIFS4LG7bc", "created_at": "2024-12-24T09:03:50.035Z", "expires_at": "2024-12-25T09:03:50Z"}}, {"model": "token_blacklist.outstandingtoken", "pk": 64, "fields": {"user": null, "jti": "86f6ff467e11449c9b47962290c538bc", "token": "eyJ0eXAiOiJKV1QiLCJhbGciOiJIUzI1NiJ9.eyJ0b2tlbl90eXBlIjoicmVmcmVzaCIsImV4cCI6MTczNTExNzUyMywiaWF0IjoxNzM1MDMxMTIzLCJqdGkiOiI4NmY2ZmY0NjdlMTE0NDljOWI0Nzk2MjI5MGM1MzhiYyIsImVtYWlsIjoid2Fub2ZpQGF3YXNod2luZS5jb20ifQ.JSm3q6W8Ia_JcUvuxqPM6YwCmQf7TTO5-7DU4HFqbG4", "created_at": "2024-12-24T09:05:23.774Z", "expires_at": "2024-12-25T09:05:23Z"}}, {"model": "token_blacklist.outstandingtoken", "pk": 65, "fields": {"user": null, "jti": "5cd86eb3d6a945959011c196435cbf32", "token": "eyJ0eXAiOiJKV1QiLCJhbGciOiJIUzI1NiJ9.eyJ0b2tlbl90eXBlIjoicmVmcmVzaCIsImV4cCI6MTczNTExOTI0OSwiaWF0IjoxNzM1MDMyODQ5LCJqdGkiOiI1Y2Q4NmViM2Q2YTk0NTk1OTAxMWMxOTY0MzVjYmYzMiIsImVtYWlsIjoid2Fub2ZpQGF3YXNod2luZS5jb20ifQ.DLd18587tmEpCEybZ9Jr2vGrB3swIzEMSK4NeuCh1RQ", "created_at": "2024-12-24T09:34:09.266Z", "expires_at": "2024-12-25T09:34:09Z"}}, {"model": "token_blacklist.outstandingtoken", "pk": 66, "fields": {"user": null, "jti": "c6e1176b5a564b77b24c463055d856bf", "token": "eyJ0eXAiOiJKV1QiLCJhbGciOiJIUzI1NiJ9.eyJ0b2tlbl90eXBlIjoicmVmcmVzaCIsImV4cCI6MTczNTEyMDYwNiwiaWF0IjoxNzM1MDM0MjA2LCJqdGkiOiJjNmUxMTc2YjVhNTY0Yjc3YjI0YzQ2MzA1NWQ4NTZiZiIsImVtYWlsIjoid2Fub2ZpQGF3YXNod2luZS5jb20ifQ.mFbmngdXFyHYG-tkGthSqYLYbxMEI5WeQl7dSSHi3dc", "created_at": "2024-12-24T09:56:46.974Z", "expires_at": "2024-12-25T09:56:46Z"}}, {"model": "token_blacklist.outstandingtoken", "pk": 67, "fields": {"user": 1, "jti": "df3b2caf5c4c4fcd9a55f0308e17c7f9", "token": "eyJ0eXAiOiJKV1QiLCJhbGciOiJIUzI1NiJ9.eyJ0b2tlbl90eXBlIjoicmVmcmVzaCIsImV4cCI6MTczNTEyMTE5OCwiaWF0IjoxNzM1MDM0Nzk4LCJqdGkiOiJkZjNiMmNhZjVjNGM0ZmNkOWE1NWYwMzA4ZTE3YzdmOSIsImVtYWlsIjoiYWRtaW5pc3RyYXRvckBhd2FzaHdpbmUuY29tIn0.0vDxA4aUBr7R8OzoRayxOuxubnlA8PbdHSY3G2T3MQs", "created_at": "2024-12-24T10:06:38.363Z", "expires_at": "2024-12-25T10:06:38Z"}}, {"model": "token_blacklist.outstandingtoken", "pk": 68, "fields": {"user": null, "jti": "25273b5b68814bb2bd9b3a82a9d65203", "token": "eyJ0eXAiOiJKV1QiLCJhbGciOiJIUzI1NiJ9.eyJ0b2tlbl90eXBlIjoicmVmcmVzaCIsImV4cCI6MTczNTEyMzAyOSwiaWF0IjoxNzM1MDM2NjI5LCJqdGkiOiIyNTI3M2I1YjY4ODE0YmIyYmQ5YjNhODJhOWQ2NTIwMyIsImVtYWlsIjoid2Fub2ZpQGF3YXNod2luZS5jb20ifQ.57YTYF6QVELcjI2ej96dgx069DYFus68kcJxbLrGGr0", "created_at": "2024-12-24T10:37:09.713Z", "expires_at": "2024-12-25T10:37:09Z"}}, {"model": "token_blacklist.outstandingtoken", "pk": 69, "fields": {"user": null, "jti": "76dd2db6326541a9aa128238a1beb45d", "token": "eyJ0eXAiOiJKV1QiLCJhbGciOiJIUzI1NiJ9.eyJ0b2tlbl90eXBlIjoicmVmcmVzaCIsImV4cCI6MTczNTEyNjY4MiwiaWF0IjoxNzM1MDQwMjgyLCJqdGkiOiI3NmRkMmRiNjMyNjU0MWE5YWExMjgyMzhhMWJlYjQ1ZCIsImVtYWlsIjoid2Fub2ZpQGF3YXNod2luZS5jb20ifQ.QgsEnIAfPDIxKGeQSBlMwuUzBCQs4xiDAwM4v1hkKrI", "created_at": "2024-12-24T11:38:02.140Z", "expires_at": "2024-12-25T11:38:02Z"}}, {"model": "token_blacklist.outstandingtoken", "pk": 70, "fields": {"user": null, "jti": "9035c6b984cb464d8ebd5dbd42a0c3a9", "token": "eyJ0eXAiOiJKV1QiLCJhbGciOiJIUzI1NiJ9.eyJ0b2tlbl90eXBlIjoicmVmcmVzaCIsImV4cCI6MTczNTEyNzU1MiwiaWF0IjoxNzM1MDQxMTUyLCJqdGkiOiI5MDM1YzZiOTg0Y2I0NjRkOGViZDVkYmQ0MmEwYzNhOSIsImVtYWlsIjoid2Fub2ZpQGF3YXNod2luZS5jb20ifQ.Q1aWeYKdqm0MBnTY-c8OerLQcHzmCLhxOpFs8obNy1E", "created_at": "2024-12-24T11:52:32.236Z", "expires_at": "2024-12-25T11:52:32Z"}}, {"model": "token_blacklist.outstandingtoken", "pk": 71, "fields": {"user": null, "jti": "982c635cc98449bc9256985756e8f5be", "token": "eyJ0eXAiOiJKV1QiLCJhbGciOiJIUzI1NiJ9.eyJ0b2tlbl90eXBlIjoicmVmcmVzaCIsImV4cCI6MTczNTEzMjgxNCwiaWF0IjoxNzM1MDQ2NDE0LCJqdGkiOiI5ODJjNjM1Y2M5ODQ0OWJjOTI1Njk4NTc1NmU4ZjViZSIsImVtYWlsIjoiZGFuaWVsQGF3YXNod2luZS5jb20ifQ.wBOvYDI1rqMgRtkkM4YbM6ao__2RSQyH1VeDAe0EOJI", "created_at": "2024-12-24T13:20:14.059Z", "expires_at": "2024-12-25T13:20:14Z"}}, {"model": "token_blacklist.outstandingtoken", "pk": 72, "fields": {"user": null, "jti": "99f8b4383b1944a6b590e5b7241a046b", "token": "eyJ0eXAiOiJKV1QiLCJhbGciOiJIUzI1NiJ9.eyJ0b2tlbl90eXBlIjoicmVmcmVzaCIsImV4cCI6MTczNTEzMjg0MCwiaWF0IjoxNzM1MDQ2NDQwLCJqdGkiOiI5OWY4YjQzODNiMTk0NGE2YjU5MGU1YjcyNDFhMDQ2YiIsImVtYWlsIjoiZGFuaWVsQGF3YXNod2luZS5jb20ifQ.KmANriwiGOwfOeukeEJ185GCBb0wuA7WJlzZ5Mhjl6Y", "created_at": "2024-12-24T13:20:40.499Z", "expires_at": "2024-12-25T13:20:40Z"}}, {"model": "token_blacklist.outstandingtoken", "pk": 73, "fields": {"user": null, "jti": "b90d15d3b9754333a2015eb28f3a4688", "token": "eyJ0eXAiOiJKV1QiLCJhbGciOiJIUzI1NiJ9.eyJ0b2tlbl90eXBlIjoicmVmcmVzaCIsImV4cCI6MTczNTEzMzAyNiwiaWF0IjoxNzM1MDQ2NjI2LCJqdGkiOiJiOTBkMTVkM2I5NzU0MzMzYTIwMTVlYjI4ZjNhNDY4OCIsImVtYWlsIjoiZGFuaWVsQGF3YXNod2luZS5jb20ifQ.YAy7zsVIL0bkkTjgQqWSDWm4WxxKmfHNgq5qXhsKEwU", "created_at": "2024-12-24T13:23:46.618Z", "expires_at": "2024-12-25T13:23:46Z"}}, {"model": "token_blacklist.outstandingtoken", "pk": 74, "fields": {"user": null, "jti": "6c5512dc0d224531b6dd1c1902bb05a9", "token": "eyJ0eXAiOiJKV1QiLCJhbGciOiJIUzI1NiJ9.eyJ0b2tlbl90eXBlIjoicmVmcmVzaCIsImV4cCI6MTczNTEzMzE4NywiaWF0IjoxNzM1MDQ2Nzg3LCJqdGkiOiI2YzU1MTJkYzBkMjI0NTMxYjZkZDFjMTkwMmJiMDVhOSIsImVtYWlsIjoibWlraXlhc3RAYXdhc2h3aW5lLmNvbSJ9.pyWwKl2jveU1x0MSlrlk6m7L2Wb_pFlkxGqNNC32ZeM", "created_at": "2024-12-24T13:26:27.015Z", "expires_at": "2024-12-25T13:26:27Z"}}, {"model": "token_blacklist.outstandingtoken", "pk": 75, "fields": {"user": null, "jti": "fc2a94b9448745bda06baf26cc43c4cc", "token": "eyJ0eXAiOiJKV1QiLCJhbGciOiJIUzI1NiJ9.eyJ0b2tlbl90eXBlIjoicmVmcmVzaCIsImV4cCI6MTczNTEzMzIzOSwiaWF0IjoxNzM1MDQ2ODM5LCJqdGkiOiJmYzJhOTRiOTQ0ODc0NWJkYTA2YmFmMjZjYzQzYzRjYyIsImVtYWlsIjoibWlraXlhc3RAYXdhc2h3aW5lLmNvbSJ9.S_ySd2OePXt-7-_DJhjb-6aAImkPC1VHUydW6wFzJTw", "created_at": "2024-12-24T13:27:19.137Z", "expires_at": "2024-12-25T13:27:19Z"}}, {"model": "token_blacklist.outstandingtoken", "pk": 76, "fields": {"user": null, "jti": "fd14d97d89854347a5042d6b06289c0c", "token": "eyJ0eXAiOiJKV1QiLCJhbGciOiJIUzI1NiJ9.eyJ0b2tlbl90eXBlIjoicmVmcmVzaCIsImV4cCI6MTczNTEzMzI1MywiaWF0IjoxNzM1MDQ2ODUzLCJqdGkiOiJmZDE0ZDk3ZDg5ODU0MzQ3YTUwNDJkNmIwNjI4OWMwYyIsImVtYWlsIjoibWlraXlhc3RAYXdhc2h3aW5lLmNvbSJ9.h3WmUBNVFT9UFwRwNuKmiFP7rvoPrkqmEXIrA4k9PfI", "created_at": "2024-12-24T13:27:33.508Z", "expires_at": "2024-12-25T13:27:33Z"}}, {"model": "token_blacklist.outstandingtoken", "pk": 77, "fields": {"user": null, "jti": "686576355e724dd48c484edfa427c26a", "token": "eyJ0eXAiOiJKV1QiLCJhbGciOiJIUzI1NiJ9.eyJ0b2tlbl90eXBlIjoicmVmcmVzaCIsImV4cCI6MTczNTEzMzI4NCwiaWF0IjoxNzM1MDQ2ODg0LCJqdGkiOiI2ODY1NzYzNTVlNzI0ZGQ0OGM0ODRlZGZhNDI3YzI2YSIsImVtYWlsIjoibWlraXlhc3RAYXdhc2h3aW5lLmNvbSJ9.mDWPpanM1UxW6cm9lbvxRXY4VWZ_nOs6SRMe-dhfRHQ", "created_at": "2024-12-24T13:28:04.276Z", "expires_at": "2024-12-25T13:28:04Z"}}, {"model": "token_blacklist.outstandingtoken", "pk": 78, "fields": {"user": null, "jti": "6c230a826aac486a9721f5a54cb13a2b", "token": "eyJ0eXAiOiJKV1QiLCJhbGciOiJIUzI1NiJ9.eyJ0b2tlbl90eXBlIjoicmVmcmVzaCIsImV4cCI6MTczNTEzMzM2MCwiaWF0IjoxNzM1MDQ2OTYwLCJqdGkiOiI2YzIzMGE4MjZhYWM0ODZhOTcyMWY1YTU0Y2IxM2EyYiIsImVtYWlsIjoibWlraXlhc3RAYXdhc2h3aW5lLmNvbSJ9.65NUUhQhObdS7oImMBYYnOzl-2B0wOe-B-GugVSrGUE", "created_at": "2024-12-24T13:29:20.636Z", "expires_at": "2024-12-25T13:29:20Z"}}, {"model": "token_blacklist.outstandingtoken", "pk": 79, "fields": {"user": null, "jti": "d7fce0148bcb465a8ac22b2818167d83", "token": "eyJ0eXAiOiJKV1QiLCJhbGciOiJIUzI1NiJ9.eyJ0b2tlbl90eXBlIjoicmVmcmVzaCIsImV4cCI6MTczNTEzMzU4MywiaWF0IjoxNzM1MDQ3MTgzLCJqdGkiOiJkN2ZjZTAxNDhiY2I0NjVhOGFjMjJiMjgxODE2N2Q4MyIsImVtYWlsIjoibWlraXlhc3RAYXdhc2h3aW5lLmNvbSJ9.W7KVih07qwyOG_L67NTM_031-nU2oBa7mib2hQ4ISdI", "created_at": "2024-12-24T13:33:03.353Z", "expires_at": "2024-12-25T13:33:03Z"}}, {"model": "token_blacklist.outstandingtoken", "pk": 80, "fields": {"user": null, "jti": "9ae1799291d646699156e40d2e1d69e4", "token": "eyJ0eXAiOiJKV1QiLCJhbGciOiJIUzI1NiJ9.eyJ0b2tlbl90eXBlIjoicmVmcmVzaCIsImV4cCI6MTczNTEzMzU5NywiaWF0IjoxNzM1MDQ3MTk3LCJqdGkiOiI5YWUxNzk5MjkxZDY0NjY5OTE1NmU0MGQyZTFkNjllNCIsImVtYWlsIjoibWlraXlhc3RAYXdhc2h3aW5lLmNvbSJ9.PRec5ABLQVa3ylehMT3fALTkjcA0q-ggez_2-A5YdV0", "created_at": "2024-12-24T13:33:17.411Z", "expires_at": "2024-12-25T13:33:17Z"}}, {"model": "token_blacklist.outstandingtoken", "pk": 81, "fields": {"user": null, "jti": "a0098bde508842cdab81da70e70da9f5", "token": "eyJ0eXAiOiJKV1QiLCJhbGciOiJIUzI1NiJ9.eyJ0b2tlbl90eXBlIjoicmVmcmVzaCIsImV4cCI6MTczNTEzMzgxOCwiaWF0IjoxNzM1MDQ3NDE4LCJqdGkiOiJhMDA5OGJkZTUwODg0MmNkYWI4MWRhNzBlNzBkYTlmNSIsImVtYWlsIjoid2Fub2ZpQGF3YXNod2luZS5jb20ifQ.hcNeXMZJiyKHGqbeUo3VYZBx5YRmA2zgRGMnYtiHTck", "created_at": "2024-12-24T13:36:58.548Z", "expires_at": "2024-12-25T13:36:58Z"}}, {"model": "token_blacklist.outstandingtoken", "pk": 82, "fields": {"user": null, "jti": "617376e8c50e4fdd820ce82dd8ba969d", "token": "eyJ0eXAiOiJKV1QiLCJhbGciOiJIUzI1NiJ9.eyJ0b2tlbl90eXBlIjoicmVmcmVzaCIsImV4cCI6MTczNTEzMzg3MCwiaWF0IjoxNzM1MDQ3NDcwLCJqdGkiOiI2MTczNzZlOGM1MGU0ZmRkODIwY2U4MmRkOGJhOTY5ZCIsImVtYWlsIjoid2Fub2ZpQGF3YXNod2luZS5jb20ifQ.K9RkNH6UJIylU2uOOKN7fFK963yeeKp7dU6OzJsdTNE", "created_at": "2024-12-24T13:37:50.167Z", "expires_at": "2024-12-25T13:37:50Z"}}, {"model": "token_blacklist.outstandingtoken", "pk": 83, "fields": {"user": null, "jti": "5e569bb8c8d743ff9a9dd5bbfdf4b625", "token": "eyJ0eXAiOiJKV1QiLCJhbGciOiJIUzI1NiJ9.eyJ0b2tlbl90eXBlIjoicmVmcmVzaCIsImV4cCI6MTczNTEzNDAzOSwiaWF0IjoxNzM1MDQ3NjM5LCJqdGkiOiI1ZTU2OWJiOGM4ZDc0M2ZmOWE5ZGQ1YmJmZGY0YjYyNSIsImVtYWlsIjoid2Fub2ZpQGF3YXNod2luZS5jb20ifQ.fhg0CcJ3Hh3G7WH8eoGMMbWYKrbRcjjVJoBI0ozq5uM", "created_at": "2024-12-24T13:40:39.213Z", "expires_at": "2024-12-25T13:40:39Z"}}, {"model": "token_blacklist.outstandingtoken", "pk": 84, "fields": {"user": null, "jti": "8f1247c3e6204a58bc8ba8185418490d", "token": "eyJ0eXAiOiJKV1QiLCJhbGciOiJIUzI1NiJ9.eyJ0b2tlbl90eXBlIjoicmVmcmVzaCIsImV4cCI6MTczNTEzNDEyNywiaWF0IjoxNzM1MDQ3NzI3LCJqdGkiOiI4ZjEyNDdjM2U2MjA0YTU4YmM4YmE4MTg1NDE4NDkwZCIsImVtYWlsIjoid2Fub2ZpQGF3YXNod2luZS5jb20ifQ.Qwd9t5lrJH0Rt0dlhwOKkJm6VuAgmbUbFGZ4dG6lA6Q", "created_at": "2024-12-24T13:42:07.846Z", "expires_at": "2024-12-25T13:42:07Z"}}, {"model": "token_blacklist.outstandingtoken", "pk": 85, "fields": {"user": null, "jti": "495c8c40c7124c2f910a5d9f8f30a758", "token": "eyJ0eXAiOiJKV1QiLCJhbGciOiJIUzI1NiJ9.eyJ0b2tlbl90eXBlIjoicmVmcmVzaCIsImV4cCI6MTczNTEzNDQ5MCwiaWF0IjoxNzM1MDQ4MDkwLCJqdGkiOiI0OTVjOGM0MGM3MTI0YzJmOTEwYTVkOWY4ZjMwYTc1OCIsImVtYWlsIjoid2Fub2ZpQGF3YXNod2luZS5jb20ifQ.0OZW8km-BIDgqMBPg5zX1-shs5JAMNvQOiBif4oF5Fg", "created_at": "2024-12-24T13:48:10.708Z", "expires_at": "2024-12-25T13:48:10Z"}}, {"model": "token_blacklist.outstandingtoken", "pk": 86, "fields": {"user": null, "jti": "4c7eff039b9f4b41899c21d1dc99bff8", "token": "eyJ0eXAiOiJKV1QiLCJhbGciOiJIUzI1NiJ9.eyJ0b2tlbl90eXBlIjoicmVmcmVzaCIsImV4cCI6MTczNTEzNDY5NSwiaWF0IjoxNzM1MDQ4Mjk1LCJqdGkiOiI0YzdlZmYwMzliOWY0YjQxODk5YzIxZDFkYzk5YmZmOCIsImVtYWlsIjoibWlraXlhc3RAYXdhc2h3aW5lLmNvbSJ9.1aIZKqyWkVqw6MrgZ8oTAI3R3QUdSdYdlcixmXIlqdE", "created_at": "2024-12-24T13:51:35.004Z", "expires_at": "2024-12-25T13:51:35Z"}}, {"model": "token_blacklist.outstandingtoken", "pk": 87, "fields": {"user": null, "jti": "6b2a4115a9674c8081000d26bc9daa09", "token": "eyJ0eXAiOiJKV1QiLCJhbGciOiJIUzI1NiJ9.eyJ0b2tlbl90eXBlIjoicmVmcmVzaCIsImV4cCI6MTczNTEzNDcyMywiaWF0IjoxNzM1MDQ4MzIzLCJqdGkiOiI2YjJhNDExNWE5Njc0YzgwODEwMDBkMjZiYzlkYWEwOSIsImVtYWlsIjoid2Fub2ZpQGF3YXNod2luZS5jb20ifQ.bBd0GTYSHoe7u-_tDC43NYEdaUcCETLfw2uOOY8v8eg", "created_at": "2024-12-24T13:52:03.809Z", "expires_at": "2024-12-25T13:52:03Z"}}, {"model": "token_blacklist.outstandingtoken", "pk": 88, "fields": {"user": null, "jti": "ea8b4acc93604dd38bcbe05c92dd4031", "token": "eyJ0eXAiOiJKV1QiLCJhbGciOiJIUzI1NiJ9.eyJ0b2tlbl90eXBlIjoicmVmcmVzaCIsImV4cCI6MTczNTEzNTAzMCwiaWF0IjoxNzM1MDQ4NjMwLCJqdGkiOiJlYThiNGFjYzkzNjA0ZGQzOGJjYmUwNWM5MmRkNDAzMSIsImVtYWlsIjoid2Fub2ZpQGF3YXNod2luZS5jb20ifQ.TWR6SeVinhRy0c5_yiU_xq9zIldk8lF1lkpFxV76U_c", "created_at": "2024-12-24T13:57:10.608Z", "expires_at": "2024-12-25T13:57:10Z"}}, {"model": "token_blacklist.outstandingtoken", "pk": 89, "fields": {"user": 16, "jti": "6809faaa51cf40faa13e066f2df6d2f9", "token": "eyJ0eXAiOiJKV1QiLCJhbGciOiJIUzI1NiJ9.eyJ0b2tlbl90eXBlIjoicmVmcmVzaCIsImV4cCI6MTczNTEzNTQwMSwiaWF0IjoxNzM1MDQ5MDAxLCJqdGkiOiI2ODA5ZmFhYTUxY2Y0MGZhYTEzZTA2NmYyZGY2ZDJmOSIsImVtYWlsIjoibWlraXlhc3RAYXdhc2h3aW5lLmNvbSJ9.z5_DtsuHJDIbKDGc1fd2HmZOzrzC6bVHLgR_OX2t3vA", "created_at": "2024-12-24T14:03:21.009Z", "expires_at": "2024-12-25T14:03:21Z"}}, {"model": "token_blacklist.outstandingtoken", "pk": 90, "fields": {"user": 16, "jti": "baa2ba2ba4fc44a0983d259d1d2814fb", "token": "eyJ0eXAiOiJKV1QiLCJhbGciOiJIUzI1NiJ9.eyJ0b2tlbl90eXBlIjoicmVmcmVzaCIsImV4cCI6MTczNTEzNTQxMSwiaWF0IjoxNzM1MDQ5MDExLCJqdGkiOiJiYWEyYmEyYmE0ZmM0NGEwOTgzZDI1OWQxZDI4MTRmYiIsImVtYWlsIjoibWlraXlhc3RAYXdhc2h3aW5lLmNvbSJ9.5ikn3yxFMYBLwvAj5zeR4gBAyB8Q-zSn0hXPyG6q_mI", "created_at": "2024-12-24T14:03:31.450Z", "expires_at": "2024-12-25T14:03:31Z"}}, {"model": "token_blacklist.outstandingtoken", "pk": 91, "fields": {"user": 16, "jti": "5fd42a7b3e804cb38e4faf35dacc77cf", "token": "eyJ0eXAiOiJKV1QiLCJhbGciOiJIUzI1NiJ9.eyJ0b2tlbl90eXBlIjoicmVmcmVzaCIsImV4cCI6MTczNTEzNTQzOSwiaWF0IjoxNzM1MDQ5MDM5LCJqdGkiOiI1ZmQ0MmE3YjNlODA0Y2IzOGU0ZmFmMzVkYWNjNzdjZiIsImVtYWlsIjoibWlraXlhc3RAYXdhc2h3aW5lLmNvbSJ9.5Tx20tkzWbeV0jooFKfP4iDm1AG0HUKGVgr9UR1arGA", "created_at": "2024-12-24T14:03:59.984Z", "expires_at": "2024-12-25T14:03:59Z"}}, {"model": "token_blacklist.outstandingtoken", "pk": 92, "fields": {"user": 16, "jti": "99c94dd2924d4a59b3a8ca14abdaa15b", "token": "eyJ0eXAiOiJKV1QiLCJhbGciOiJIUzI1NiJ9.eyJ0b2tlbl90eXBlIjoicmVmcmVzaCIsImV4cCI6MTczNTEzNTU1MiwiaWF0IjoxNzM1MDQ5MTUyLCJqdGkiOiI5OWM5NGRkMjkyNGQ0YTU5YjNhOGNhMTRhYmRhYTE1YiIsImVtYWlsIjoibWlraXlhc3RAYXdhc2h3aW5lLmNvbSJ9.8jfJijTfsbA0PUouUS78NZQXqHIDycBN6UE8Tu83Kas", "created_at": "2024-12-24T14:05:52.026Z", "expires_at": "2024-12-25T14:05:52Z"}}, {"model": "token_blacklist.outstandingtoken", "pk": 93, "fields": {"user": 16, "jti": "20c4ab005d7a4349aff6fc45c2795d40", "token": "eyJ0eXAiOiJKV1QiLCJhbGciOiJIUzI1NiJ9.eyJ0b2tlbl90eXBlIjoicmVmcmVzaCIsImV4cCI6MTczNTEzNTU5OCwiaWF0IjoxNzM1MDQ5MTk4LCJqdGkiOiIyMGM0YWIwMDVkN2E0MzQ5YWZmNmZjNDVjMjc5NWQ0MCIsImVtYWlsIjoibWlraXlhc3RAYXdhc2h3aW5lLmNvbSJ9.Ff-gskjJ61ChIFhlabVRhPloitHkeX3B7S4Q_ru_hXM", "created_at": "2024-12-24T14:06:38.751Z", "expires_at": "2024-12-25T14:06:38Z"}}, {"model": "token_blacklist.outstandingtoken", "pk": 94, "fields": {"user": 16, "jti": "f784e85b68cc4e1081defa7f1530ca68", "token": "eyJ0eXAiOiJKV1QiLCJhbGciOiJIUzI1NiJ9.eyJ0b2tlbl90eXBlIjoicmVmcmVzaCIsImV4cCI6MTczNTEzNTYwOSwiaWF0IjoxNzM1MDQ5MjA5LCJqdGkiOiJmNzg0ZTg1YjY4Y2M0ZTEwODFkZWZhN2YxNTMwY2E2OCIsImVtYWlsIjoibWlraXlhc3RAYXdhc2h3aW5lLmNvbSJ9.rjGnErMchJKy8gD85y-ZPBRY4ixYLM5QMyIuVHYoClQ", "created_at": "2024-12-24T14:06:49.564Z", "expires_at": "2024-12-25T14:06:49Z"}}, {"model": "token_blacklist.outstandingtoken", "pk": 95, "fields": {"user": 16, "jti": "fb352cb7c4454edb8c70ca290cdf93d3", "token": "eyJ0eXAiOiJKV1QiLCJhbGciOiJIUzI1NiJ9.eyJ0b2tlbl90eXBlIjoicmVmcmVzaCIsImV4cCI6MTczNTEzNTYxMiwiaWF0IjoxNzM1MDQ5MjEyLCJqdGkiOiJmYjM1MmNiN2M0NDU0ZWRiOGM3MGNhMjkwY2RmOTNkMyIsImVtYWlsIjoibWlraXlhc3RAYXdhc2h3aW5lLmNvbSJ9.VFENhjkfaA7Ai-rpv73hgaTDZWTqN2ChcMsRIWv682w", "created_at": "2024-12-24T14:06:52.622Z", "expires_at": "2024-12-25T14:06:52Z"}}, {"model": "token_blacklist.outstandingtoken", "pk": 96, "fields": {"user": 16, "jti": "4cfe2035891b4b2ba1b7d71ade8dde27", "token": "eyJ0eXAiOiJKV1QiLCJhbGciOiJIUzI1NiJ9.eyJ0b2tlbl90eXBlIjoicmVmcmVzaCIsImV4cCI6MTczNTEzNTYzMCwiaWF0IjoxNzM1MDQ5MjMwLCJqdGkiOiI0Y2ZlMjAzNTg5MWI0YjJiYTFiN2Q3MWFkZThkZGUyNyIsImVtYWlsIjoibWlraXlhc3RAYXdhc2h3aW5lLmNvbSJ9.Le0GkUkTye-fgUEvday20Q-BETI3x6jptHtQ9RcxNms", "created_at": "2024-12-24T14:07:10.812Z", "expires_at": "2024-12-25T14:07:10Z"}}, {"model": "token_blacklist.outstandingtoken", "pk": 97, "fields": {"user": 16, "jti": "536f4e7ca752427e8e3f597fdf1ca7fe", "token": "eyJ0eXAiOiJKV1QiLCJhbGciOiJIUzI1NiJ9.eyJ0b2tlbl90eXBlIjoicmVmcmVzaCIsImV4cCI6MTczNTEzNTY1OSwiaWF0IjoxNzM1MDQ5MjU5LCJqdGkiOiI1MzZmNGU3Y2E3NTI0MjdlOGUzZjU5N2ZkZjFjYTdmZSIsImVtYWlsIjoibWlraXlhc3RAYXdhc2h3aW5lLmNvbSJ9.qpaN28LmD2ll5AhEQXaveN1RaYPTTdXBBmEhz_w7aYs", "created_at": "2024-12-24T14:07:39.007Z", "expires_at": "2024-12-25T14:07:39Z"}}, {"model": "token_blacklist.outstandingtoken", "pk": 98, "fields": {"user": 16, "jti": "8b40554abd2b465f80d9bd54be76ac87", "token": "eyJ0eXAiOiJKV1QiLCJhbGciOiJIUzI1NiJ9.eyJ0b2tlbl90eXBlIjoicmVmcmVzaCIsImV4cCI6MTczNTEzNTY4OCwiaWF0IjoxNzM1MDQ5Mjg4LCJqdGkiOiI4YjQwNTU0YWJkMmI0NjVmODBkOWJkNTRiZTc2YWM4NyIsImVtYWlsIjoibWlraXlhc3RAYXdhc2h3aW5lLmNvbSJ9.ssXEMH8VhzU8Tn5DIYsIW2FewpazxcPPcLp0A653NwE", "created_at": "2024-12-24T14:08:08.722Z", "expires_at": "2024-12-25T14:08:08Z"}}, {"model": "token_blacklist.outstandingtoken", "pk": 99, "fields": {"user": 16, "jti": "860536f8d11f483c94fdb94838a02903", "token": "eyJ0eXAiOiJKV1QiLCJhbGciOiJIUzI1NiJ9.eyJ0b2tlbl90eXBlIjoicmVmcmVzaCIsImV4cCI6MTczNTEzNTY5OSwiaWF0IjoxNzM1MDQ5Mjk5LCJqdGkiOiI4NjA1MzZmOGQxMWY0ODNjOTRmZGI5NDgzOGEwMjkwMyIsImVtYWlsIjoibWlraXlhc3RAYXdhc2h3aW5lLmNvbSJ9.heDPcmHmIDJ-bgzsMWsXT9f_gMBmMfQp9BOwhB7XK_A", "created_at": "2024-12-24T14:08:19.670Z", "expires_at": "2024-12-25T14:08:19Z"}}, {"model": "token_blacklist.outstandingtoken", "pk": 100, "fields": {"user": 16, "jti": "f4aa5bca910c454ba21e76ccf55afb61", "token": "eyJ0eXAiOiJKV1QiLCJhbGciOiJIUzI1NiJ9.eyJ0b2tlbl90eXBlIjoicmVmcmVzaCIsImV4cCI6MTczNTEzNTcyNywiaWF0IjoxNzM1MDQ5MzI3LCJqdGkiOiJmNGFhNWJjYTkxMGM0NTRiYTIxZTc2Y2NmNTVhZmI2MSIsImVtYWlsIjoibWlraXlhc3RAYXdhc2h3aW5lLmNvbSJ9.DPg2QLMOaKw3zTywmVwHinKdqu4VxT02SRMFuu_x5rI", "created_at": "2024-12-24T14:08:47.892Z", "expires_at": "2024-12-25T14:08:47Z"}}, {"model": "token_blacklist.outstandingtoken", "pk": 101, "fields": {"user": 16, "jti": "8c082c62bd82426b9951fb240128d359", "token": "eyJ0eXAiOiJKV1QiLCJhbGciOiJIUzI1NiJ9.eyJ0b2tlbl90eXBlIjoicmVmcmVzaCIsImV4cCI6MTczNTEzNTc0NiwiaWF0IjoxNzM1MDQ5MzQ2LCJqdGkiOiI4YzA4MmM2MmJkODI0MjZiOTk1MWZiMjQwMTI4ZDM1OSIsImVtYWlsIjoibWlraXlhc3RAYXdhc2h3aW5lLmNvbSJ9.W3EBmbLf7XF9x3MzLczXfuF2iJfjbSEAtfFdDDhR8bg", "created_at": "2024-12-24T14:09:06.697Z", "expires_at": "2024-12-25T14:09:06Z"}}, {"model": "token_blacklist.outstandingtoken", "pk": 102, "fields": {"user": 16, "jti": "f876d9bc88c548fd9da5d9ac01bb4513", "token": "eyJ0eXAiOiJKV1QiLCJhbGciOiJIUzI1NiJ9.eyJ0b2tlbl90eXBlIjoicmVmcmVzaCIsImV4cCI6MTczNTEzNTg2MCwiaWF0IjoxNzM1MDQ5NDYwLCJqdGkiOiJmODc2ZDliYzg4YzU0OGZkOWRhNWQ5YWMwMWJiNDUxMyIsImVtYWlsIjoibWlraXlhc3RAYXdhc2h3aW5lLmNvbSJ9.quHBdYj2nHSB8Bi1M_0c5RimFczSTRRsscU4SIDx1Y0", "created_at": "2024-12-24T14:11:00.262Z", "expires_at": "2024-12-25T14:11:00Z"}}, {"model": "token_blacklist.outstandingtoken", "pk": 103, "fields": {"user": 16, "jti": "bda84b57c64d49908954a6767e8aa31d", "token": "eyJ0eXAiOiJKV1QiLCJhbGciOiJIUzI1NiJ9.eyJ0b2tlbl90eXBlIjoicmVmcmVzaCIsImV4cCI6MTczNTEzNTg4MCwiaWF0IjoxNzM1MDQ5NDgwLCJqdGkiOiJiZGE4NGI1N2M2NGQ0OTkwODk1NGE2NzY3ZThhYTMxZCIsImVtYWlsIjoibWlraXlhc3RAYXdhc2h3aW5lLmNvbSJ9.d6BUJmp7OEqSV_CKtaSQh7uoyZV7Z7bY5j-mKMVqfeA", "created_at": "2024-12-24T14:11:20.367Z", "expires_at": "2024-12-25T14:11:20Z"}}, {"model": "token_blacklist.outstandingtoken", "pk": 104, "fields": {"user": 16, "jti": "ca7ca3d804974ac9b7eb5a56dbff6337", "token": "eyJ0eXAiOiJKV1QiLCJhbGciOiJIUzI1NiJ9.eyJ0b2tlbl90eXBlIjoicmVmcmVzaCIsImV4cCI6MTczNTEzNjMxMywiaWF0IjoxNzM1MDQ5OTEzLCJqdGkiOiJjYTdjYTNkODA0OTc0YWM5YjdlYjVhNTZkYmZmNjMzNyIsImVtYWlsIjoibWlraXlhc3RAYXdhc2h3aW5lLmNvbSJ9.ZrkJZL5a-x0JeQBXiYYD-om52kvUI62F-Yrd6WlThdE", "created_at": "2024-12-24T14:18:33.595Z", "expires_at": "2024-12-25T14:18:33Z"}}, {"model": "token_blacklist.outstandingtoken", "pk": 105, "fields": {"user": 16, "jti": "f9f658e2d4c144478a91a92925449327", "token": "eyJ0eXAiOiJKV1QiLCJhbGciOiJIUzI1NiJ9.eyJ0b2tlbl90eXBlIjoicmVmcmVzaCIsImV4cCI6MTczNTEzNjQwOCwiaWF0IjoxNzM1MDUwMDA4LCJqdGkiOiJmOWY2NThlMmQ0YzE0NDQ3OGE5MWE5MjkyNTQ0OTMyNyIsImVtYWlsIjoibWlraXlhc3RAYXdhc2h3aW5lLmNvbSJ9.MC1grVZF5pCE08Z8I0Kch61YinnKeHlUe6NPiThA6SQ", "created_at": "2024-12-24T14:20:08.260Z", "expires_at": "2024-12-25T14:20:08Z"}}, {"model": "token_blacklist.outstandingtoken", "pk": 106, "fields": {"user": 16, "jti": "3e3afb4c65f84bf790462aba268007d0", "token": "eyJ0eXAiOiJKV1QiLCJhbGciOiJIUzI1NiJ9.eyJ0b2tlbl90eXBlIjoicmVmcmVzaCIsImV4cCI6MTczNTEzNjQ4MSwiaWF0IjoxNzM1MDUwMDgxLCJqdGkiOiIzZTNhZmI0YzY1Zjg0YmY3OTA0NjJhYmEyNjgwMDdkMCIsImVtYWlsIjoibWlraXlhc3RAYXdhc2h3aW5lLmNvbSJ9.E5WSweYDHvci6S695F62zInEdVL1NbeDPgovpDS6dk8", "created_at": "2024-12-24T14:21:21.428Z", "expires_at": "2024-12-25T14:21:21Z"}}, {"model": "token_blacklist.outstandingtoken", "pk": 107, "fields": {"user": 16, "jti": "286332db115f40fa8eabacbf601d23d4", "token": "eyJ0eXAiOiJKV1QiLCJhbGciOiJIUzI1NiJ9.eyJ0b2tlbl90eXBlIjoicmVmcmVzaCIsImV4cCI6MTczNTEzNjUxOSwiaWF0IjoxNzM1MDUwMTE5LCJqdGkiOiIyODYzMzJkYjExNWY0MGZhOGVhYmFjYmY2MDFkMjNkNCIsImVtYWlsIjoibWlraXlhc3RAYXdhc2h3aW5lLmNvbSJ9.2rMpFL1lgmQa33_hLc7nmEgV96OXQV9dWVwmnuMIl9I", "created_at": "2024-12-24T14:21:59.095Z", "expires_at": "2024-12-25T14:21:59Z"}}, {"model": "token_blacklist.outstandingtoken", "pk": 108, "fields": {"user": null, "jti": "8c8d4c68e12646dd81d6ab8229fc7591", "token": "eyJ0eXAiOiJKV1QiLCJhbGciOiJIUzI1NiJ9.eyJ0b2tlbl90eXBlIjoicmVmcmVzaCIsImV4cCI6MTczNTEzNjU1NiwiaWF0IjoxNzM1MDUwMTU2LCJqdGkiOiI4YzhkNGM2OGUxMjY0NmRkODFkNmFiODIyOWZjNzU5MSIsImVtYWlsIjoid2Fub2ZpQGF3YXNod2luZS5jb20ifQ.Dv4ezq-txipRdi_Z837kIdT0XNtSFVV-TjLT3dbXUuc", "created_at": "2024-12-24T14:22:36.772Z", "expires_at": "2024-12-25T14:22:36Z"}}, {"model": "token_blacklist.outstandingtoken", "pk": 109, "fields": {"user": 16, "jti": "0500e0cab6eb4ac891ded613e4eddaae", "token": "eyJ0eXAiOiJKV1QiLCJhbGciOiJIUzI1NiJ9.eyJ0b2tlbl90eXBlIjoicmVmcmVzaCIsImV4cCI6MTczNTEzNjU3MywiaWF0IjoxNzM1MDUwMTczLCJqdGkiOiIwNTAwZTBjYWI2ZWI0YWM4OTFkZWQ2MTNlNGVkZGFhZSIsImVtYWlsIjoibWlraXlhc3RAYXdhc2h3aW5lLmNvbSJ9.8Ksv93WNG2PFEoA4x14ejwA5PKdpmFqoSlMm7nyl2_4", "created_at": "2024-12-24T14:22:53.657Z", "expires_at": "2024-12-25T14:22:53Z"}}, {"model": "token_blacklist.outstandingtoken", "pk": 110, "fields": {"user": 16, "jti": "1a8bf69c8eb5460abc0810cb0fe612fe", "token": "eyJ0eXAiOiJKV1QiLCJhbGciOiJIUzI1NiJ9.eyJ0b2tlbl90eXBlIjoicmVmcmVzaCIsImV4cCI6MTczNTEzNjgyNywiaWF0IjoxNzM1MDUwNDI3LCJqdGkiOiIxYThiZjY5YzhlYjU0NjBhYmMwODEwY2IwZmU2MTJmZSIsImVtYWlsIjoibWlraXlhc3RAYXdhc2h3aW5lLmNvbSJ9.RONCjjstgz72h-zNiDNILmYbU_oTHXWUW_qN0aK8H1k", "created_at": "2024-12-24T14:27:07.744Z", "expires_at": "2024-12-25T14:27:07Z"}}, {"model": "token_blacklist.outstandingtoken", "pk": 111, "fields": {"user": 16, "jti": "44e04afe68cf478a9f338a9e4a342144", "token": "eyJ0eXAiOiJKV1QiLCJhbGciOiJIUzI1NiJ9.eyJ0b2tlbl90eXBlIjoicmVmcmVzaCIsImV4cCI6MTczNTEzNjg0OCwiaWF0IjoxNzM1MDUwNDQ4LCJqdGkiOiI0NGUwNGFmZTY4Y2Y0NzhhOWYzMzhhOWU0YTM0MjE0NCIsImVtYWlsIjoibWlraXlhc3RAYXdhc2h3aW5lLmNvbSJ9.yoYN-sdGyAEJUTSZm1BlApnqbnAWU8ganixKiiV44VA", "created_at": "2024-12-24T14:27:28.569Z", "expires_at": "2024-12-25T14:27:28Z"}}, {"model": "token_blacklist.outstandingtoken", "pk": 112, "fields": {"user": 16, "jti": "1bfec2f18b3c462687a71e79786e9e88", "token": "eyJ0eXAiOiJKV1QiLCJhbGciOiJIUzI1NiJ9.eyJ0b2tlbl90eXBlIjoicmVmcmVzaCIsImV4cCI6MTczNTEzNzA1MCwiaWF0IjoxNzM1MDUwNjUwLCJqdGkiOiIxYmZlYzJmMThiM2M0NjI2ODdhNzFlNzk3ODZlOWU4OCIsImVtYWlsIjoibWlraXlhc3RAYXdhc2h3aW5lLmNvbSJ9.OhJzvakZwHcX6Dlnq1Ks2P53DX54b0NquzxbOqTz5cI", "created_at": "2024-12-24T14:30:50.231Z", "expires_at": "2024-12-25T14:30:50Z"}}, {"model": "token_blacklist.outstandingtoken", "pk": 113, "fields": {"user": 16, "jti": "7b52dc3967de479f8abfc39ee00d436f", "token": "eyJ0eXAiOiJKV1QiLCJhbGciOiJIUzI1NiJ9.eyJ0b2tlbl90eXBlIjoicmVmcmVzaCIsImV4cCI6MTczNTEzNzE0MywiaWF0IjoxNzM1MDUwNzQzLCJqdGkiOiI3YjUyZGMzOTY3ZGU0NzlmOGFiZmMzOWVlMDBkNDM2ZiIsImVtYWlsIjoibWlraXlhc3RAYXdhc2h3aW5lLmNvbSJ9.wQQQeLcq6hrYLaK1O7kIQFPBJbdlxqEUHYWofl2l95A", "created_at": "2024-12-24T14:32:23.617Z", "expires_at": "2024-12-25T14:32:23Z"}}, {"model": "token_blacklist.outstandingtoken", "pk": 114, "fields": {"user": 16, "jti": "9bf18510f3a04172b81c0db9fa92c324", "token": "eyJ0eXAiOiJKV1QiLCJhbGciOiJIUzI1NiJ9.eyJ0b2tlbl90eXBlIjoicmVmcmVzaCIsImV4cCI6MTczNTEzODEyNywiaWF0IjoxNzM1MDUxNzI3LCJqdGkiOiI5YmYxODUxMGYzYTA0MTcyYjgxYzBkYjlmYTkyYzMyNCIsImVtYWlsIjoibWlraXlhc3RAYXdhc2h3aW5lLmNvbSJ9.pjj6SAjr4XEtKiRJ8ILZNBHYgNo1sgEuwt2ttLC3weE", "created_at": "2024-12-24T14:48:47.682Z", "expires_at": "2024-12-25T14:48:47Z"}}, {"model": "token_blacklist.outstandingtoken", "pk": 115, "fields": {"user": 16, "jti": "d891de1f46b9430792d2823fcf4a4a1e", "token": "eyJ0eXAiOiJKV1QiLCJhbGciOiJIUzI1NiJ9.eyJ0b2tlbl90eXBlIjoicmVmcmVzaCIsImV4cCI6MTczNTEzODM5OCwiaWF0IjoxNzM1MDUxOTk4LCJqdGkiOiJkODkxZGUxZjQ2Yjk0MzA3OTJkMjgyM2ZjZjRhNGExZSIsImVtYWlsIjoibWlraXlhc3RAYXdhc2h3aW5lLmNvbSJ9.pTfDnt95ZfG99tyxVL82ilxEMEA7kNubA76Hy3ZVNIk", "created_at": "2024-12-24T14:53:18.082Z", "expires_at": "2024-12-25T14:53:18Z"}}, {"model": "token_blacklist.outstandingtoken", "pk": 116, "fields": {"user": 16, "jti": "85c267f76bb84f3e9fbf0be2522b9080", "token": "eyJ0eXAiOiJKV1QiLCJhbGciOiJIUzI1NiJ9.eyJ0b2tlbl90eXBlIjoicmVmcmVzaCIsImV4cCI6MTczNTEzODQxOCwiaWF0IjoxNzM1MDUyMDE4LCJqdGkiOiI4NWMyNjdmNzZiYjg0ZjNlOWZiZjBiZTI1MjJiOTA4MCIsImVtYWlsIjoibWlraXlhc3RAYXdhc2h3aW5lLmNvbSJ9.XgjxOYMKQQRaE0G45kkOxx_F-m5DVcbEMbe_-WSE9hY", "created_at": "2024-12-24T14:53:38.294Z", "expires_at": "2024-12-25T14:53:38Z"}}, {"model": "token_blacklist.outstandingtoken", "pk": 117, "fields": {"user": null, "jti": "10747f7da309477faa73e7d72535e4bf", "token": "eyJ0eXAiOiJKV1QiLCJhbGciOiJIUzI1NiJ9.eyJ0b2tlbl90eXBlIjoicmVmcmVzaCIsImV4cCI6MTczNTEzODY1MCwiaWF0IjoxNzM1MDUyMjUwLCJqdGkiOiIxMDc0N2Y3ZGEzMDk0NzdmYWE3M2U3ZDcyNTM1ZTRiZiIsImVtYWlsIjoid2Fub2ZpaXNyYWVsMTdAZ21haWwuY29tIn0.kVsTvBJpDIOMrg3AU2A71Y2qhTytVwjrTaJch6UzA7k", "created_at": "2024-12-24T14:57:30.449Z", "expires_at": "2024-12-25T14:57:30Z"}}, {"model": "token_blacklist.outstandingtoken", "pk": 118, "fields": {"user": null, "jti": "84d6ea6207d843078b4449876c022067", "token": "eyJ0eXAiOiJKV1QiLCJhbGciOiJIUzI1NiJ9.eyJ0b2tlbl90eXBlIjoicmVmcmVzaCIsImV4cCI6MTczNTEzODc0MiwiaWF0IjoxNzM1MDUyMzQyLCJqdGkiOiI4NGQ2ZWE2MjA3ZDg0MzA3OGI0NDQ5ODc2YzAyMjA2NyIsImVtYWlsIjoid2Fub2ZpaXNyYWVsMTdAZ21haWwuY29tIn0.lCbiurYscN2zVpCgxbr1oIExtp4iP5qLg5dIRdIkbzg", "created_at": "2024-12-24T14:59:02.240Z", "expires_at": "2024-12-25T14:59:02Z"}}, {"model": "token_blacklist.outstandingtoken", "pk": 119, "fields": {"user": null, "jti": "91e29ea26c96411ebbd6e10a6fee176c", "token": "eyJ0eXAiOiJKV1QiLCJhbGciOiJIUzI1NiJ9.eyJ0b2tlbl90eXBlIjoicmVmcmVzaCIsImV4cCI6MTczNTEzODc2NCwiaWF0IjoxNzM1MDUyMzY0LCJqdGkiOiI5MWUyOWVhMjZjOTY0MTFlYmJkNmUxMGE2ZmVlMTc2YyIsImVtYWlsIjoid2Fub2ZpaXNyYWVsMTdAZ21haWwuY29tIn0._9aebSQfbsNYoLm4z1D-WBurAXg_8T6PvaORpLoqLcs", "created_at": "2024-12-24T14:59:24.098Z", "expires_at": "2024-12-25T14:59:24Z"}}, {"model": "token_blacklist.outstandingtoken", "pk": 120, "fields": {"user": null, "jti": "d207bbbe1ee54e7e9e8054d7f318e0f5", "token": "eyJ0eXAiOiJKV1QiLCJhbGciOiJIUzI1NiJ9.eyJ0b2tlbl90eXBlIjoicmVmcmVzaCIsImV4cCI6MTczNTE1MTQwOCwiaWF0IjoxNzM1MDY1MDA4LCJqdGkiOiJkMjA3YmJiZTFlZTU0ZTdlOWU4MDU0ZDdmMzE4ZTBmNSIsImVtYWlsIjoid2Fub2ZpQGF3YXNod2luZS5jb20ifQ.YCIXpkbAs-29k0QvtPF_yGu3Tcwi4cRc3YFnSnhysuQ", "created_at": "2024-12-24T18:30:08.194Z", "expires_at": "2024-12-25T18:30:08Z"}}, {"model": "token_blacklist.outstandingtoken", "pk": 121, "fields": {"user": 16, "jti": "f0d27711e3aa4a41a1917fbcc88d42be", "token": "eyJ0eXAiOiJKV1QiLCJhbGciOiJIUzI1NiJ9.eyJ0b2tlbl90eXBlIjoicmVmcmVzaCIsImV4cCI6MTczNTE1MTQzNSwiaWF0IjoxNzM1MDY1MDM1LCJqdGkiOiJmMGQyNzcxMWUzYWE0YTQxYTE5MTdmYmNjODhkNDJiZSIsImVtYWlsIjoibWlraXlhc3RAYXdhc2h3aW5lLmNvbSJ9.Ck-VBlkUFGT-NAqT6-DBtSbSNIu0vFtTPziFXYObU7Y", "created_at": "2024-12-24T18:30:35.770Z", "expires_at": "2024-12-25T18:30:35Z"}}, {"model": "token_blacklist.outstandingtoken", "pk": 122, "fields": {"user": null, "jti": "3e4f65f05fc94bcbaf92f9995bfbc0de", "token": "eyJ0eXAiOiJKV1QiLCJhbGciOiJIUzI1NiJ9.eyJ0b2tlbl90eXBlIjoicmVmcmVzaCIsImV4cCI6MTczNTE4OTIyMywiaWF0IjoxNzM1MTAyODIzLCJqdGkiOiIzZTRmNjVmMDVmYzk0YmNiYWY5MmY5OTk1YmZiYzBkZSIsImVtYWlsIjoid2Fub2ZpaXNyYWVsMTdAZ21haWwuY29tIn0.GRnsRVYb9XzV3tW8p5wBEAxcWt1_b0gfrR8sLF05a8w", "created_at": "2024-12-25T05:00:23.498Z", "expires_at": "2024-12-26T05:00:23Z"}}, {"model": "token_blacklist.outstandingtoken", "pk": 123, "fields": {"user": null, "jti": "a0fb5cb420474c93a7640db7d29b7d13", "token": "eyJ0eXAiOiJKV1QiLCJhbGciOiJIUzI1NiJ9.eyJ0b2tlbl90eXBlIjoicmVmcmVzaCIsImV4cCI6MTczNTE4OTIzOCwiaWF0IjoxNzM1MTAyODM4LCJqdGkiOiJhMGZiNWNiNDIwNDc0YzkzYTc2NDBkYjdkMjliN2QxMyIsImVtYWlsIjoid2Fub2ZpaXNyYWVsMTdAZ21haWwuY29tIn0._fw0u-T6mE_mGudYxMLujv-QQtsyTcgZrCHX27tyrv8", "created_at": "2024-12-25T05:00:38.363Z", "expires_at": "2024-12-26T05:00:38Z"}}, {"model": "token_blacklist.outstandingtoken", "pk": 124, "fields": {"user": null, "jti": "a945fc2c0afa497d9b737ba2b2cf2425", "token": "eyJ0eXAiOiJKV1QiLCJhbGciOiJIUzI1NiJ9.eyJ0b2tlbl90eXBlIjoicmVmcmVzaCIsImV4cCI6MTczNTE4OTMxNiwiaWF0IjoxNzM1MTAyOTE2LCJqdGkiOiJhOTQ1ZmMyYzBhZmE0OTdkOWI3MzdiYTJiMmNmMjQyNSIsImVtYWlsIjoid2Fub2ZpaXNyYWVsMTdAZ21haWwuY29tIn0.TdVAnb8mxpTMuWtFeh53Z8pmxlWxrKM1PGBO65DNKkE", "created_at": "2024-12-25T05:01:56.041Z", "expires_at": "2024-12-26T05:01:56Z"}}, {"model": "token_blacklist.outstandingtoken", "pk": 125, "fields": {"user": null, "jti": "3574749371cc456cac361d4e1a53bf7c", "token": "eyJ0eXAiOiJKV1QiLCJhbGciOiJIUzI1NiJ9.eyJ0b2tlbl90eXBlIjoicmVmcmVzaCIsImV4cCI6MTczNTE4OTM0MSwiaWF0IjoxNzM1MTAyOTQxLCJqdGkiOiIzNTc0NzQ5MzcxY2M0NTZjYWMzNjFkNGUxYTUzYmY3YyIsImVtYWlsIjoid2Fub2ZpaXNyYWVsMTdAZ21haWwuY29tIn0.pTTB3EaJOcylsl03j22U11pD5cKAwKa0g4XeeOU9pqM", "created_at": "2024-12-25T05:02:21.381Z", "expires_at": "2024-12-26T05:02:21Z"}}, {"model": "token_blacklist.outstandingtoken", "pk": 126, "fields": {"user": null, "jti": "86047ae24d544398be7d9338448bf8f8", "token": "eyJ0eXAiOiJKV1QiLCJhbGciOiJIUzI1NiJ9.eyJ0b2tlbl90eXBlIjoicmVmcmVzaCIsImV4cCI6MTczNTE4OTczNywiaWF0IjoxNzM1MTAzMzM3LCJqdGkiOiI4NjA0N2FlMjRkNTQ0Mzk4YmU3ZDkzMzg0NDhiZjhmOCIsImVtYWlsIjoid2Fub2ZpaXNyYWVsMTdAZ21haWwuY29tIn0.sQmOzZDiEhuUokxP49DWnnb-Kgg7F5ikq1CbjKme_qc", "created_at": "2024-12-25T05:08:57.480Z", "expires_at": "2024-12-26T05:08:57Z"}}, {"model": "token_blacklist.outstandingtoken", "pk": 127, "fields": {"user": 16, "jti": "973c24e7ccfd43a6af9a724a52f52bf6", "token": "eyJ0eXAiOiJKV1QiLCJhbGciOiJIUzI1NiJ9.eyJ0b2tlbl90eXBlIjoicmVmcmVzaCIsImV4cCI6MTczNTE4OTc4NCwiaWF0IjoxNzM1MTAzMzg0LCJqdGkiOiI5NzNjMjRlN2NjZmQ0M2E2YWY5YTcyNGE1MmY1MmJmNiIsImVtYWlsIjoibWlraXlhc3RAYXdhc2h3aW5lLmNvbSJ9.am1orn6BKU0XgH6rCeizix5ETRHHYqOREzcVIz4faCw", "created_at": "2024-12-25T05:09:44.367Z", "expires_at": "2024-12-26T05:09:44Z"}}, {"model": "token_blacklist.outstandingtoken", "pk": 128, "fields": {"user": 16, "jti": "19c2a9d5a4b64bb19f2936525435dfb9", "token": "eyJ0eXAiOiJKV1QiLCJhbGciOiJIUzI1NiJ9.eyJ0b2tlbl90eXBlIjoicmVmcmVzaCIsImV4cCI6MTczNTE5MTYzMSwiaWF0IjoxNzM1MTA1MjMxLCJqdGkiOiIxOWMyYTlkNWE0YjY0YmIxOWYyOTM2NTI1NDM1ZGZiOSIsImVtYWlsIjoibWlraXlhc3RAYXdhc2h3aW5lLmNvbSJ9.eZH3L-HFAqtNgOngZpVoV6NzQ0_B_iA7vJcr7OaEAsc", "created_at": "2024-12-25T05:40:31.324Z", "expires_at": "2024-12-26T05:40:31Z"}}, {"model": "token_blacklist.outstandingtoken", "pk": 129, "fields": {"user": 16, "jti": "07832c71ee564e3094462cc04aa5061d", "token": "eyJ0eXAiOiJKV1QiLCJhbGciOiJIUzI1NiJ9.eyJ0b2tlbl90eXBlIjoicmVmcmVzaCIsImV4cCI6MTczNTE5MTY2MiwiaWF0IjoxNzM1MTA1MjYyLCJqdGkiOiIwNzgzMmM3MWVlNTY0ZTMwOTQ0NjJjYzA0YWE1MDYxZCIsImVtYWlsIjoibWlraXlhc3RAYXdhc2h3aW5lLmNvbSJ9.pn4zSWew46w3FzxSNSbH2DRqFjaZrW9kwYgs1xhESP8", "created_at": "2024-12-25T05:41:02.364Z", "expires_at": "2024-12-26T05:41:02Z"}}, {"model": "token_blacklist.outstandingtoken", "pk": 130, "fields": {"user": 16, "jti": "90200f56bebe440bae76e5e1ccd9b5e6", "token": "eyJ0eXAiOiJKV1QiLCJhbGciOiJIUzI1NiJ9.eyJ0b2tlbl90eXBlIjoicmVmcmVzaCIsImV4cCI6MTczNTE5MTY3MiwiaWF0IjoxNzM1MTA1MjcyLCJqdGkiOiI5MDIwMGY1NmJlYmU0NDBiYWU3NmU1ZTFjY2Q5YjVlNiIsImVtYWlsIjoibWlraXlhc3RAYXdhc2h3aW5lLmNvbSJ9.xWJ2uNW918Sih5CvAavQSvJlhKrj-5dKG7YLLOYRoS0", "created_at": "2024-12-25T05:41:12.190Z", "expires_at": "2024-12-26T05:41:12Z"}}, {"model": "token_blacklist.outstandingtoken", "pk": 131, "fields": {"user": null, "jti": "6b9f313faa864539964d9cc266109f7e", "token": "eyJ0eXAiOiJKV1QiLCJhbGciOiJIUzI1NiJ9.eyJ0b2tlbl90eXBlIjoicmVmcmVzaCIsImV4cCI6MTczNTE5MTc3OSwiaWF0IjoxNzM1MTA1Mzc5LCJqdGkiOiI2YjlmMzEzZmFhODY0NTM5OTY0ZDljYzI2NjEwOWY3ZSIsImVtYWlsIjoibWlraXlhcy50c2VAZ21haWwuY29tIn0.HijNtwboavqfTdUHRPNarUQuq_cMCLL1_VMSqLti664", "created_at": "2024-12-25T05:42:59.068Z", "expires_at": "2024-12-26T05:42:59Z"}}, {"model": "token_blacklist.outstandingtoken", "pk": 132, "fields": {"user": null, "jti": "20b9ceb18dbd43d28e342c2bd85619e5", "token": "eyJ0eXAiOiJKV1QiLCJhbGciOiJIUzI1NiJ9.eyJ0b2tlbl90eXBlIjoicmVmcmVzaCIsImV4cCI6MTczNTE5MTkyNCwiaWF0IjoxNzM1MTA1NTI0LCJqdGkiOiIyMGI5Y2ViMThkYmQ0M2QyOGUzNDJjMmJkODU2MTllNSIsImVtYWlsIjoibWlraXlhcy50c2VAZ21haWwuY29tIn0.TS-LWvQRkpzfIbNeC5TbKAwNOjdSRmPM5YvZ9qNMHxo", "created_at": "2024-12-25T05:45:24.983Z", "expires_at": "2024-12-26T05:45:24Z"}}, {"model": "token_blacklist.outstandingtoken", "pk": 133, "fields": {"user": null, "jti": "0728a16dce2e40809dc7607620fc2747", "token": "eyJ0eXAiOiJKV1QiLCJhbGciOiJIUzI1NiJ9.eyJ0b2tlbl90eXBlIjoicmVmcmVzaCIsImV4cCI6MTczNTE5MjA4MywiaWF0IjoxNzM1MTA1NjgzLCJqdGkiOiIwNzI4YTE2ZGNlMmU0MDgwOWRjNzYwNzYyMGZjMjc0NyIsImVtYWlsIjoid2Fub2ZpQGF3YXNod2luZS5jb20ifQ.ytNtln2l86qL0QLXgo745YfZMzuo_9PX72acKzISNCs", "created_at": "2024-12-25T05:48:03.380Z", "expires_at": "2024-12-26T05:48:03Z"}}, {"model": "token_blacklist.outstandingtoken", "pk": 134, "fields": {"user": null, "jti": "14e5b8ff4fb74f90abe2f1b6f10647bf", "token": "eyJ0eXAiOiJKV1QiLCJhbGciOiJIUzI1NiJ9.eyJ0b2tlbl90eXBlIjoicmVmcmVzaCIsImV4cCI6MTczNTE5MjEwMiwiaWF0IjoxNzM1MTA1NzAyLCJqdGkiOiIxNGU1YjhmZjRmYjc0ZjkwYWJlMmYxYjZmMTA2NDdiZiIsImVtYWlsIjoid2Fub2ZpQGF3YXNod2luZS5jb20ifQ.Ir2-UdDdXyB7RUqOXe8CHgPHUxpy4E52uzG_uKLdhhY", "created_at": "2024-12-25T05:48:22.021Z", "expires_at": "2024-12-26T05:48:22Z"}}, {"model": "token_blacklist.outstandingtoken", "pk": 135, "fields": {"user": null, "jti": "032a8b4edd98403ea2d58e4e4f3253bd", "token": "eyJ0eXAiOiJKV1QiLCJhbGciOiJIUzI1NiJ9.eyJ0b2tlbl90eXBlIjoicmVmcmVzaCIsImV4cCI6MTczNTE5MjExMywiaWF0IjoxNzM1MTA1NzEzLCJqdGkiOiIwMzJhOGI0ZWRkOTg0MDNlYTJkNThlNGU0ZjMyNTNiZCIsImVtYWlsIjoid2Fub2ZpQGF3YXNod2luZS5jb20ifQ.sVGKJi3BlIiJCwqKR3oL6uM_Fi-dybqBSj6I-D5fjgI", "created_at": "2024-12-25T05:48:33.532Z", "expires_at": "2024-12-26T05:48:33Z"}}, {"model": "token_blacklist.outstandingtoken", "pk": 136, "fields": {"user": null, "jti": "91bf954bf45d4159816ee3ff007807e1", "token": "eyJ0eXAiOiJKV1QiLCJhbGciOiJIUzI1NiJ9.eyJ0b2tlbl90eXBlIjoicmVmcmVzaCIsImV4cCI6MTczNTE5MjM0MSwiaWF0IjoxNzM1MTA1OTQxLCJqdGkiOiI5MWJmOTU0YmY0NWQ0MTU5ODE2ZWUzZmYwMDc4MDdlMSIsImVtYWlsIjoid2Fub2ZpQGF3YXNod2luZS5jb20ifQ.jPEApW6o0KyoHAVPJXaU-Bimh1XDR2ejreEQW_nGnnM", "created_at": "2024-12-25T05:52:21.082Z", "expires_at": "2024-12-26T05:52:21Z"}}, {"model": "token_blacklist.outstandingtoken", "pk": 137, "fields": {"user": 16, "jti": "0cba38a6ab8e4f23b76087922d35d7de", "token": "eyJ0eXAiOiJKV1QiLCJhbGciOiJIUzI1NiJ9.eyJ0b2tlbl90eXBlIjoicmVmcmVzaCIsImV4cCI6MTczNTE5MjcyMywiaWF0IjoxNzM1MTA2MzIzLCJqdGkiOiIwY2JhMzhhNmFiOGU0ZjIzYjc2MDg3OTIyZDM1ZDdkZSIsImVtYWlsIjoibWlraXlhc3RAYXdhc2h3aW5lLmNvbSJ9.ahLukjoA-ZIduZ3dtcgIaO48igZg-3d41p7gDzkk3sQ", "created_at": "2024-12-25T05:58:43.569Z", "expires_at": "2024-12-26T05:58:43Z"}}, {"model": "token_blacklist.outstandingtoken", "pk": 138, "fields": {"user": 16, "jti": "93616e78831b429a9d7fdb00781e9e30", "token": "eyJ0eXAiOiJKV1QiLCJhbGciOiJIUzI1NiJ9.eyJ0b2tlbl90eXBlIjoicmVmcmVzaCIsImV4cCI6MTczNTE5NTkwMCwiaWF0IjoxNzM1MTA5NTAwLCJqdGkiOiI5MzYxNmU3ODgzMWI0MjlhOWQ3ZmRiMDA3ODFlOWUzMCIsImVtYWlsIjoibWlraXlhc3RAYXdhc2h3aW5lLmNvbSJ9.tzgHmUPVOREEsu8L1XAiq-Oe1DBP_c4D3docEgD90_M", "created_at": "2024-12-25T06:51:40.788Z", "expires_at": "2024-12-26T06:51:40Z"}}, {"model": "token_blacklist.outstandingtoken", "pk": 139, "fields": {"user": 19, "jti": "7d4d6acfe9b449d68e97d6d22f587d3b", "token": "eyJ0eXAiOiJKV1QiLCJhbGciOiJIUzI1NiJ9.eyJ0b2tlbl90eXBlIjoicmVmcmVzaCIsImV4cCI6MTczNTIwMDEyMiwiaWF0IjoxNzM1MTEzNzIyLCJqdGkiOiI3ZDRkNmFjZmU5YjQ0OWQ2OGU5N2Q2ZDIyZjU4N2QzYiIsImVtYWlsIjoid2Fub2ZpQGF3YXNod2luZS5jb20ifQ.mxKeBwzZmTR2BPnFUefFcYO58HoBaDWMpoGL3wl1t40", "created_at": "2024-12-25T08:02:02.463Z", "expires_at": "2024-12-26T08:02:02Z"}}, {"model": "token_blacklist.outstandingtoken", "pk": 140, "fields": {"user": 19, "jti": "f40cce7eaf7a42f1885d9b3dc555613e", "token": "eyJ0eXAiOiJKV1QiLCJhbGciOiJIUzI1NiJ9.eyJ0b2tlbl90eXBlIjoicmVmcmVzaCIsImV4cCI6MTczNTIwMDE0MywiaWF0IjoxNzM1MTEzNzQzLCJqdGkiOiJmNDBjY2U3ZWFmN2E0MmYxODg1ZDliM2RjNTU1NjEzZSIsImVtYWlsIjoid2Fub2ZpQGF3YXNod2luZS5jb20ifQ.rjdgbdrvJfCqltVNuvWLsv5C7az3oEUDV6gkse4qG4I", "created_at": "2024-12-25T08:02:23.057Z", "expires_at": "2024-12-26T08:02:23Z"}}, {"model": "token_blacklist.outstandingtoken", "pk": 141, "fields": {"user": 19, "jti": "d7a561839d7046c08734123b6fcd6421", "token": "eyJ0eXAiOiJKV1QiLCJhbGciOiJIUzI1NiJ9.eyJ0b2tlbl90eXBlIjoicmVmcmVzaCIsImV4cCI6MTczNTIwMDQyMywiaWF0IjoxNzM1MTE0MDIzLCJqdGkiOiJkN2E1NjE4MzlkNzA0NmMwODczNDEyM2I2ZmNkNjQyMSIsImVtYWlsIjoid2Fub2ZpQGF3YXNod2luZS5jb20ifQ.HF6sCY70lqe-NAETKF2SNZ9ZbV5xcwdW88NB_2wgyPE", "created_at": "2024-12-25T08:07:03.516Z", "expires_at": "2024-12-26T08:07:03Z"}}, {"model": "token_blacklist.outstandingtoken", "pk": 142, "fields": {"user": 19, "jti": "6418541d15b6409b84c947a60fbae3f7", "token": "eyJ0eXAiOiJKV1QiLCJhbGciOiJIUzI1NiJ9.eyJ0b2tlbl90eXBlIjoicmVmcmVzaCIsImV4cCI6MTczNTIwMDQ3NCwiaWF0IjoxNzM1MTE0MDc0LCJqdGkiOiI2NDE4NTQxZDE1YjY0MDliODRjOTQ3YTYwZmJhZTNmNyIsImVtYWlsIjoid2Fub2ZpQGF3YXNod2luZS5jb20ifQ.4V4s8hrYR58MH3fZ6zF67cau0VY7ERf0Io1x7yBT_yE", "created_at": "2024-12-25T08:07:54.512Z", "expires_at": "2024-12-26T08:07:54Z"}}, {"model": "token_blacklist.outstandingtoken", "pk": 143, "fields": {"user": 19, "jti": "61c4db63808a43dea563d1cee1a855bb", "token": "eyJ0eXAiOiJKV1QiLCJhbGciOiJIUzI1NiJ9.eyJ0b2tlbl90eXBlIjoicmVmcmVzaCIsImV4cCI6MTczNTIwMDUwMiwiaWF0IjoxNzM1MTE0MTAyLCJqdGkiOiI2MWM0ZGI2MzgwOGE0M2RlYTU2M2QxY2VlMWE4NTViYiIsImVtYWlsIjoid2Fub2ZpQGF3YXNod2luZS5jb20ifQ.gO8g9NRlrRKNXf8kZRkx_-yy4hY1P97xyd7bEu-a3iM", "created_at": "2024-12-25T08:08:22.800Z", "expires_at": "2024-12-26T08:08:22Z"}}, {"model": "token_blacklist.outstandingtoken", "pk": 144, "fields": {"user": 19, "jti": "98098fd7715b4fb5beedba967a8dd848", "token": "eyJ0eXAiOiJKV1QiLCJhbGciOiJIUzI1NiJ9.eyJ0b2tlbl90eXBlIjoicmVmcmVzaCIsImV4cCI6MTczNTIwMDU1NCwiaWF0IjoxNzM1MTE0MTU0LCJqdGkiOiI5ODA5OGZkNzcxNWI0ZmI1YmVlZGJhOTY3YThkZDg0OCIsImVtYWlsIjoid2Fub2ZpQGF3YXNod2luZS5jb20ifQ.kLCuJ7OYkn9NrGeLeRCzeSvKL5_0N5jiZSffqmroUnY", "created_at": "2024-12-25T08:09:14.989Z", "expires_at": "2024-12-26T08:09:14Z"}}, {"model": "token_blacklist.outstandingtoken", "pk": 145, "fields": {"user": 19, "jti": "55e3e8d82b88466383fd319706dec508", "token": "eyJ0eXAiOiJKV1QiLCJhbGciOiJIUzI1NiJ9.eyJ0b2tlbl90eXBlIjoicmVmcmVzaCIsImV4cCI6MTczNTIwMDcwMiwiaWF0IjoxNzM1MTE0MzAyLCJqdGkiOiI1NWUzZThkODJiODg0NjYzODNmZDMxOTcwNmRlYzUwOCIsImVtYWlsIjoid2Fub2ZpQGF3YXNod2luZS5jb20ifQ.2wh-d0Ju-bHhDIXhxyUXkflNbgIeI8YEJIVpsGckS9A", "created_at": "2024-12-25T08:11:42.814Z", "expires_at": "2024-12-26T08:11:42Z"}}, {"model": "token_blacklist.outstandingtoken", "pk": 146, "fields": {"user": 19, "jti": "0e9d36ab80d149baa5ea740192603727", "token": "eyJ0eXAiOiJKV1QiLCJhbGciOiJIUzI1NiJ9.eyJ0b2tlbl90eXBlIjoicmVmcmVzaCIsImV4cCI6MTczNTIwMDg2OCwiaWF0IjoxNzM1MTE0NDY4LCJqdGkiOiIwZTlkMzZhYjgwZDE0OWJhYTVlYTc0MDE5MjYwMzcyNyIsImVtYWlsIjoid2Fub2ZpQGF3YXNod2luZS5jb20ifQ.ZeFx3noHTLzehv7yFHMorgWHdi4UImtUJ7GZeDI8cAA", "created_at": "2024-12-25T08:14:28.227Z", "expires_at": "2024-12-26T08:14:28Z"}}, {"model": "token_blacklist.outstandingtoken", "pk": 147, "fields": {"user": 16, "jti": "b7cb762f244a42369b8d86a3d67eb3b5", "token": "eyJ0eXAiOiJKV1QiLCJhbGciOiJIUzI1NiJ9.eyJ0b2tlbl90eXBlIjoicmVmcmVzaCIsImV4cCI6MTczNTIwMDg4OSwiaWF0IjoxNzM1MTE0NDg5LCJqdGkiOiJiN2NiNzYyZjI0NGE0MjM2OWI4ZDg2YTNkNjdlYjNiNSIsImVtYWlsIjoibWlraXlhc3RAYXdhc2h3aW5lLmNvbSJ9.hb1lzgKPoh_KqedUNPgquxrZjdWLraGVpRkgkc2oTkg", "created_at": "2024-12-25T08:14:49.135Z", "expires_at": "2024-12-26T08:14:49Z"}}, {"model": "token_blacklist.outstandingtoken", "pk": 148, "fields": {"user": 16, "jti": "24ff2df0178440ac83b2cd1bc26e9e62", "token": "eyJ0eXAiOiJKV1QiLCJhbGciOiJIUzI1NiJ9.eyJ0b2tlbl90eXBlIjoicmVmcmVzaCIsImV4cCI6MTczNTIyMTYwOCwiaWF0IjoxNzM1MTM1MjA4LCJqdGkiOiIyNGZmMmRmMDE3ODQ0MGFjODNiMmNkMWJjMjZlOWU2MiIsImVtYWlsIjoibWlraXlhc3RAYXdhc2h3aW5lLmNvbSJ9.PSkniLIuQ4Nhb6lTlSOlY8I6V4G_YCAK5l3ZE5lxjw8", "created_at": "2024-12-25T14:00:08.722Z", "expires_at": "2024-12-26T14:00:08Z"}}, {"model": "token_blacklist.outstandingtoken", "pk": 149, "fields": {"user": 19, "jti": "e9444166020a4abc91d3fd8ec9675e90", "token": "eyJ0eXAiOiJKV1QiLCJhbGciOiJIUzI1NiJ9.eyJ0b2tlbl90eXBlIjoicmVmcmVzaCIsImV4cCI6MTczNTIyMTcwMCwiaWF0IjoxNzM1MTM1MzAwLCJqdGkiOiJlOTQ0NDE2NjAyMGE0YWJjOTFkM2ZkOGVjOTY3NWU5MCIsImVtYWlsIjoid2Fub2ZpQGF3YXNod2luZS5jb20ifQ.2u85bYF0b_EM2rot5Mwe33Hx4cyTXk8VqPqNLcYmqag", "created_at": "2024-12-25T14:01:40.799Z", "expires_at": "2024-12-26T14:01:40Z"}}, {"model": "token_blacklist.outstandingtoken", "pk": 150, "fields": {"user": 19, "jti": "560c3a1f0e62435ea0c6fd41eb4ea68e", "token": "eyJ0eXAiOiJKV1QiLCJhbGciOiJIUzI1NiJ9.eyJ0b2tlbl90eXBlIjoicmVmcmVzaCIsImV4cCI6MTczNTIyMTk0OCwiaWF0IjoxNzM1MTM1NTQ4LCJqdGkiOiI1NjBjM2ExZjBlNjI0MzVlYTBjNmZkNDFlYjRlYTY4ZSIsImVtYWlsIjoid2Fub2ZpQGF3YXNod2luZS5jb20ifQ.NzDdpdX9kiqw2_rp0e6oT-slBwAHPCOdtokWrl12Ev8", "created_at": "2024-12-25T14:05:48.900Z", "expires_at": "2024-12-26T14:05:48Z"}}, {"model": "token_blacklist.outstandingtoken", "pk": 151, "fields": {"user": 16, "jti": "6ee662c34bc64656a328491a6d540e8a", "token": "eyJ0eXAiOiJKV1QiLCJhbGciOiJIUzI1NiJ9.eyJ0b2tlbl90eXBlIjoicmVmcmVzaCIsImV4cCI6MTczNTIyMjIxNCwiaWF0IjoxNzM1MTM1ODE0LCJqdGkiOiI2ZWU2NjJjMzRiYzY0NjU2YTMyODQ5MWE2ZDU0MGU4YSIsImVtYWlsIjoibWlraXlhc3RAYXdhc2h3aW5lLmNvbSJ9.C32XQoo0X1wQFGGbxzFPoY_GY90olak1RK9dadsQ4gg", "created_at": "2024-12-25T14:10:14.443Z", "expires_at": "2024-12-26T14:10:14Z"}}, {"model": "token_blacklist.outstandingtoken", "pk": 152, "fields": {"user": 19, "jti": "cd877387889c43d294d261ae5f4c6158", "token": "eyJ0eXAiOiJKV1QiLCJhbGciOiJIUzI1NiJ9.eyJ0b2tlbl90eXBlIjoicmVmcmVzaCIsImV4cCI6MTczNTIyMjMwMiwiaWF0IjoxNzM1MTM1OTAyLCJqdGkiOiJjZDg3NzM4Nzg4OWM0M2QyOTRkMjYxYWU1ZjRjNjE1OCIsImVtYWlsIjoid2Fub2ZpQGF3YXNod2luZS5jb20ifQ.hOoBPq1j-BENCa4YqlHPrQgdc0MFXm1tG9EGgEM6Cmk", "created_at": "2024-12-25T14:11:42.740Z", "expires_at": "2024-12-26T14:11:42Z"}}, {"model": "token_blacklist.outstandingtoken", "pk": 153, "fields": {"user": 16, "jti": "baf8ca9d886d490f8085e8666aa75d50", "token": "eyJ0eXAiOiJKV1QiLCJhbGciOiJIUzI1NiJ9.eyJ0b2tlbl90eXBlIjoicmVmcmVzaCIsImV4cCI6MTczNTIzNTI4MywiaWF0IjoxNzM1MTQ4ODgzLCJqdGkiOiJiYWY4Y2E5ZDg4NmQ0OTBmODA4NWU4NjY2YWE3NWQ1MCIsImVtYWlsIjoibWlraXlhc3RAYXdhc2h3aW5lLmNvbSJ9.LGcCjws-FBXMDjgkz6VEHql35TuYnVrfy_Qu9-Q8zOE", "created_at": "2024-12-25T17:48:03.715Z", "expires_at": "2024-12-26T17:48:03Z"}}, {"model": "token_blacklist.outstandingtoken", "pk": 154, "fields": {"user": 16, "jti": "b87f8f5dd3c545b0961c4778649acdc6", "token": "eyJ0eXAiOiJKV1QiLCJhbGciOiJIUzI1NiJ9.eyJ0b2tlbl90eXBlIjoicmVmcmVzaCIsImV4cCI6MTczNTIzNTI5MiwiaWF0IjoxNzM1MTQ4ODkyLCJqdGkiOiJiODdmOGY1ZGQzYzU0NWIwOTYxYzQ3Nzg2NDlhY2RjNiIsImVtYWlsIjoibWlraXlhc3RAYXdhc2h3aW5lLmNvbSJ9.A2NiubwHsL9fvaPXKNqzUu5bIdwyCohNGN01PRwrTJY", "created_at": "2024-12-25T17:48:12.672Z", "expires_at": "2024-12-26T17:48:12Z"}}, {"model": "token_blacklist.outstandingtoken", "pk": 155, "fields": {"user": 16, "jti": "4ae0e44b9e1f47b79c30ecf03e1c75ce", "token": "eyJ0eXAiOiJKV1QiLCJhbGciOiJIUzI1NiJ9.eyJ0b2tlbl90eXBlIjoicmVmcmVzaCIsImV4cCI6MTczNTI4NjI0MywiaWF0IjoxNzM1MTk5ODQzLCJqdGkiOiI0YWUwZTQ0YjllMWY0N2I3OWMzMGVjZjAzZTFjNzVjZSIsImVtYWlsIjoibWlraXlhc3RAYXdhc2h3aW5lLmNvbSJ9.RjamuX5bVNb0zOZpjZqc3ZIc59V-G3Hq8HFCl1g6Sps", "created_at": "2024-12-26T07:57:23.507Z", "expires_at": "2024-12-27T07:57:23Z"}}, {"model": "token_blacklist.outstandingtoken", "pk": 156, "fields": {"user": 21, "jti": "e1e9331647014431af5d301c84c3af41", "token": "eyJ0eXAiOiJKV1QiLCJhbGciOiJIUzI1NiJ9.eyJ0b2tlbl90eXBlIjoicmVmcmVzaCIsImV4cCI6MTczNTI4OTMxNSwiaWF0IjoxNzM1MjAyOTE1LCJqdGkiOiJlMWU5MzMxNjQ3MDE0NDMxYWY1ZDMwMWM4NGMzYWY0MSIsImVtYWlsIjoidGVzaG9tZXdAYXdhc2h3aW5lLmNvbSJ9.5sG4werq1K7pJOwTET0OcbO4FzNh4M0I5suOdGGix38", "created_at": "2024-12-26T08:48:35.342Z", "expires_at": "2024-12-27T08:48:35Z"}}, {"model": "token_blacklist.outstandingtoken", "pk": 157, "fields": {"user": 22, "jti": "0ffa2a2bbda348928bce18e1701d3094", "token": "eyJ0eXAiOiJKV1QiLCJhbGciOiJIUzI1NiJ9.eyJ0b2tlbl90eXBlIjoicmVmcmVzaCIsImV4cCI6MTczNTI4OTM2MSwiaWF0IjoxNzM1MjAyOTYxLCJqdGkiOiIwZmZhMmEyYmJkYTM0ODkyOGJjZTE4ZTE3MDFkMzA5NCIsImVtYWlsIjoiZGFuaWVsQGF3YXNod2luZS5jb20ifQ.p6uS05VKmp-TNtFU7EzqRKCOWjZzmOX3aFFoRr7uujc", "created_at": "2024-12-26T08:49:21.941Z", "expires_at": "2024-12-27T08:49:21Z"}}, {"model": "token_blacklist.outstandingtoken", "pk": 158, "fields": {"user": 21, "jti": "a822ab4397f945ff8a1bad1354a28174", "token": "eyJ0eXAiOiJKV1QiLCJhbGciOiJIUzI1NiJ9.eyJ0b2tlbl90eXBlIjoicmVmcmVzaCIsImV4cCI6MTczNTI4OTM2OCwiaWF0IjoxNzM1MjAyOTY4LCJqdGkiOiJhODIyYWI0Mzk3Zjk0NWZmOGExYmFkMTM1NGEyODE3NCIsImVtYWlsIjoidGVzaG9tZXdAYXdhc2h3aW5lLmNvbSJ9.ZV-UAI5ZCMWX24vAYdnANzBgT_H8wPfo6BEE8h70Ly4", "created_at": "2024-12-26T08:49:28.595Z", "expires_at": "2024-12-27T08:49:28Z"}}, {"model": "token_blacklist.outstandingtoken", "pk": 159, "fields": {"user": 16, "jti": "0857df5e54be4b3393db64d1e9183336", "token": "eyJ0eXAiOiJKV1QiLCJhbGciOiJIUzI1NiJ9.eyJ0b2tlbl90eXBlIjoicmVmcmVzaCIsImV4cCI6MTczNTI4OTQxMywiaWF0IjoxNzM1MjAzMDEzLCJqdGkiOiIwODU3ZGY1ZTU0YmU0YjMzOTNkYjY0ZDFlOTE4MzMzNiIsImVtYWlsIjoibWlraXlhc3RAYXdhc2h3aW5lLmNvbSJ9.soKCNHt34EmuP0QemqYPl0Q7Q35OlqLXNAfeD2R9gXk", "created_at": "2024-12-26T08:50:13.987Z", "expires_at": "2024-12-27T08:50:13Z"}}, {"model": "token_blacklist.outstandingtoken", "pk": 160, "fields": {"user": 22, "jti": "5b973a8fa5434013a6a617a73de48826", "token": "eyJ0eXAiOiJKV1QiLCJhbGciOiJIUzI1NiJ9.eyJ0b2tlbl90eXBlIjoicmVmcmVzaCIsImV4cCI6MTczNTI5MDM2MiwiaWF0IjoxNzM1MjAzOTYyLCJqdGkiOiI1Yjk3M2E4ZmE1NDM0MDEzYTZhNjE3YTczZGU0ODgyNiIsImVtYWlsIjoiZGFuaWVsQGF3YXNod2luZS5jb20ifQ.IFZ1ez3hEy_PtMhONkvTyzy6EQ0VuBG2aKcW67qaYDk", "created_at": "2024-12-26T09:06:02.845Z", "expires_at": "2024-12-27T09:06:02Z"}}, {"model": "token_blacklist.outstandingtoken", "pk": 161, "fields": {"user": 22, "jti": "65d4570cf3c84a7cbb7bfedcb1b8be94", "token": "eyJ0eXAiOiJKV1QiLCJhbGciOiJIUzI1NiJ9.eyJ0b2tlbl90eXBlIjoicmVmcmVzaCIsImV4cCI6MTczNTI5MDYxOCwiaWF0IjoxNzM1MjA0MjE4LCJqdGkiOiI2NWQ0NTcwY2YzYzg0YTdjYmI3YmZlZGNiMWI4YmU5NCIsImVtYWlsIjoiZGFuaWVsQGF3YXNod2luZS5jb20ifQ.pQFyLsfXHGOynTPHccjSJiisQ9Vla6Y7xswkrJXOhsY", "created_at": "2024-12-26T09:10:18.309Z", "expires_at": "2024-12-27T09:10:18Z"}}, {"model": "token_blacklist.outstandingtoken", "pk": 162, "fields": {"user": 16, "jti": "c5e3dfa66c3643b39e28b05d649c49a1", "token": "eyJ0eXAiOiJKV1QiLCJhbGciOiJIUzI1NiJ9.eyJ0b2tlbl90eXBlIjoicmVmcmVzaCIsImV4cCI6MTczNTI5MTc0MSwiaWF0IjoxNzM1MjA1MzQxLCJqdGkiOiJjNWUzZGZhNjZjMzY0M2IzOWUyOGIwNWQ2NDljNDlhMSIsImVtYWlsIjoibWlraXlhc3RAYXdhc2h3aW5lLmNvbSJ9.JuhZWLvRy0-AV8NXdOROCtaiOxLXEBByUzAZ_81KjSM", "created_at": "2024-12-26T09:29:01.410Z", "expires_at": "2024-12-27T09:29:01Z"}}, {"model": "token_blacklist.outstandingtoken", "pk": 163, "fields": {"user": 16, "jti": "2e33feab2cd5492782e831e5e4cd9a74", "token": "eyJ0eXAiOiJKV1QiLCJhbGciOiJIUzI1NiJ9.eyJ0b2tlbl90eXBlIjoicmVmcmVzaCIsImV4cCI6MTczNTI5MTk0NywiaWF0IjoxNzM1MjA1NTQ3LCJqdGkiOiIyZTMzZmVhYjJjZDU0OTI3ODJlODMxZTVlNGNkOWE3NCIsImVtYWlsIjoibWlraXlhc3RAYXdhc2h3aW5lLmNvbSJ9.dnMAjmXBOaViaA9BzsP0aMue4rSGes4AyiUoIFEOfs8", "created_at": "2024-12-26T09:32:27.880Z", "expires_at": "2024-12-27T09:32:27Z"}}, {"model": "token_blacklist.outstandingtoken", "pk": 164, "fields": {"user": 23, "jti": "33e10d8947e64b70859289d23599dec9", "token": "eyJ0eXAiOiJKV1QiLCJhbGciOiJIUzI1NiJ9.eyJ0b2tlbl90eXBlIjoicmVmcmVzaCIsImV4cCI6MTczNTI5OTUyNiwiaWF0IjoxNzM1MjEzMTI2LCJqdGkiOiIzM2UxMGQ4OTQ3ZTY0YjcwODU5Mjg5ZDIzNTk5ZGVjOSIsImVtYWlsIjoiQW1iYXdAYXdhc2h3aW5lLmNvbSJ9.eBaxmxuXNx2ScMvOm3GMuIM45uL60t7TSlkRKkIeXmc", "created_at": "2024-12-26T11:38:46.671Z", "expires_at": "2024-12-27T11:38:46Z"}}, {"model": "token_blacklist.outstandingtoken", "pk": 165, "fields": {"user": 23, "jti": "23945737539d467b9509db7f924a0267", "token": "eyJ0eXAiOiJKV1QiLCJhbGciOiJIUzI1NiJ9.eyJ0b2tlbl90eXBlIjoicmVmcmVzaCIsImV4cCI6MTczNTI5OTU1MSwiaWF0IjoxNzM1MjEzMTUxLCJqdGkiOiIyMzk0NTczNzUzOWQ0NjdiOTUwOWRiN2Y5MjRhMDI2NyIsImVtYWlsIjoiQW1iYXdAYXdhc2h3aW5lLmNvbSJ9.8jxT7Av7O9J_6Tfu_m6uszWeIzB7aWdb87tZe5CjDrY", "created_at": "2024-12-26T11:39:11.436Z", "expires_at": "2024-12-27T11:39:11Z"}}, {"model": "token_blacklist.outstandingtoken", "pk": 166, "fields": {"user": 23, "jti": "1c6a1adc300346c1863d7d975b8c8f27", "token": "eyJ0eXAiOiJKV1QiLCJhbGciOiJIUzI1NiJ9.eyJ0b2tlbl90eXBlIjoicmVmcmVzaCIsImV4cCI6MTczNTI5OTU5MywiaWF0IjoxNzM1MjEzMTkzLCJqdGkiOiIxYzZhMWFkYzMwMDM0NmMxODYzZDdkOTc1YjhjOGYyNyIsImVtYWlsIjoiQW1iYXdAYXdhc2h3aW5lLmNvbSJ9.DH8lPsdDpBzLkG9idGxd-q5O5f51Vj504CQtah_pqCo", "created_at": "2024-12-26T11:39:53.100Z", "expires_at": "2024-12-27T11:39:53Z"}}, {"model": "token_blacklist.outstandingtoken", "pk": 167, "fields": {"user": 23, "jti": "06db3df6d07b419c964d59f8bd431d70", "token": "eyJ0eXAiOiJKV1QiLCJhbGciOiJIUzI1NiJ9.eyJ0b2tlbl90eXBlIjoicmVmcmVzaCIsImV4cCI6MTczNTI5OTY0OSwiaWF0IjoxNzM1MjEzMjQ5LCJqdGkiOiIwNmRiM2RmNmQwN2I0MTljOTY0ZDU5ZjhiZDQzMWQ3MCIsImVtYWlsIjoiQW1iYXdAYXdhc2h3aW5lLmNvbSJ9.QIVLcQZDF4HoJwrE0bf5XXLT2Yota-Lnmn31xte03U0", "created_at": "2024-12-26T11:40:49.500Z", "expires_at": "2024-12-27T11:40:49Z"}}, {"model": "token_blacklist.outstandingtoken", "pk": 168, "fields": {"user": 23, "jti": "197a9da7620c41b4ad2ff5a06e5a0498", "token": "eyJ0eXAiOiJKV1QiLCJhbGciOiJIUzI1NiJ9.eyJ0b2tlbl90eXBlIjoicmVmcmVzaCIsImV4cCI6MTczNTI5OTgzMywiaWF0IjoxNzM1MjEzNDMzLCJqdGkiOiIxOTdhOWRhNzYyMGM0MWI0YWQyZmY1YTA2ZTVhMDQ5OCIsImVtYWlsIjoiQW1iYXdAYXdhc2h3aW5lLmNvbSJ9.7FyHIFuDLAY7Ed_8VovHNNGt7ZcGnIFR4iRABPLOKK0", "created_at": "2024-12-26T11:43:53.223Z", "expires_at": "2024-12-27T11:43:53Z"}}, {"model": "token_blacklist.outstandingtoken", "pk": 169, "fields": {"user": 23, "jti": "d8d2aedb8fb3499ca8665519daf7d5f5", "token": "eyJ0eXAiOiJKV1QiLCJhbGciOiJIUzI1NiJ9.eyJ0b2tlbl90eXBlIjoicmVmcmVzaCIsImV4cCI6MTczNTI5OTg5MywiaWF0IjoxNzM1MjEzNDkzLCJqdGkiOiJkOGQyYWVkYjhmYjM0OTljYTg2NjU1MTlkYWY3ZDVmNSIsImVtYWlsIjoiQW1iYXdAYXdhc2h3aW5lLmNvbSJ9.sYApwM_nozHxH20lt8Ti2zLJ59-tShrSGvoe12bRzd8", "created_at": "2024-12-26T11:44:53.521Z", "expires_at": "2024-12-27T11:44:53Z"}}, {"model": "token_blacklist.outstandingtoken", "pk": 170, "fields": {"user": 22, "jti": "316510e8582a417dbeb0d63c06b13336", "token": "eyJ0eXAiOiJKV1QiLCJhbGciOiJIUzI1NiJ9.eyJ0b2tlbl90eXBlIjoicmVmcmVzaCIsImV4cCI6MTczNTMwMTExNCwiaWF0IjoxNzM1MjE0NzE0LCJqdGkiOiIzMTY1MTBlODU4MmE0MTdkYmViMGQ2M2MwNmIxMzMzNiIsImVtYWlsIjoiZGFuaWVsQGF3YXNod2luZS5jb20ifQ.PneqGx_boaUirR_JbLXg2ULiKMGUDHL1-3pncy3yOjk", "created_at": "2024-12-26T12:05:14.221Z", "expires_at": "2024-12-27T12:05:14Z"}}, {"model": "token_blacklist.outstandingtoken", "pk": 171, "fields": {"user": 23, "jti": "5137f9680950455c8f86215ee1090e16", "token": "eyJ0eXAiOiJKV1QiLCJhbGciOiJIUzI1NiJ9.eyJ0b2tlbl90eXBlIjoicmVmcmVzaCIsImV4cCI6MTczNTMwMjgzNCwiaWF0IjoxNzM1MjE2NDM0LCJqdGkiOiI1MTM3Zjk2ODA5NTA0NTVjOGY4NjIxNWVlMTA5MGUxNiIsImVtYWlsIjoiQW1iYXdAYXdhc2h3aW5lLmNvbSJ9.DNafJ7ikeyxGKjRFCREzP-ZYOU6Bx5oZJiRyBSfM7I0", "created_at": "2024-12-26T12:33:54.682Z", "expires_at": "2024-12-27T12:33:54Z"}}, {"model": "token_blacklist.outstandingtoken", "pk": 172, "fields": {"user": 16, "jti": "afdce866beb6448a9cd7e7c4bb33129e", "token": "eyJ0eXAiOiJKV1QiLCJhbGciOiJIUzI1NiJ9.eyJ0b2tlbl90eXBlIjoicmVmcmVzaCIsImV4cCI6MTczNTMxMjk0OCwiaWF0IjoxNzM1MjI2NTQ4LCJqdGkiOiJhZmRjZTg2NmJlYjY0NDhhOWNkN2U3YzRiYjMzMTI5ZSIsImVtYWlsIjoibWlraXlhc3RAYXdhc2h3aW5lLmNvbSJ9.KQXxNmMXl9neJC9rCQ4uyDC544jjxNfuPtre4TKmvD8", "created_at": "2024-12-26T15:22:28.168Z", "expires_at": "2024-12-27T15:22:28Z"}}, {"model": "token_blacklist.outstandingtoken", "pk": 173, "fields": {"user": 16, "jti": "45ee30161e2044d3b5caba21575c8262", "token": "eyJ0eXAiOiJKV1QiLCJhbGciOiJIUzI1NiJ9.eyJ0b2tlbl90eXBlIjoicmVmcmVzaCIsImV4cCI6MTczNTMxNDIxOSwiaWF0IjoxNzM1MjI3ODE5LCJqdGkiOiI0NWVlMzAxNjFlMjA0NGQzYjVjYWJhMjE1NzVjODI2MiIsImVtYWlsIjoibWlraXlhc3RAYXdhc2h3aW5lLmNvbSJ9.czLfhOKI_NDfLqun-YGXwUd29Gko8YlSzhA1Bnz41bk", "created_at": "2024-12-26T15:43:39.249Z", "expires_at": "2024-12-27T15:43:39Z"}}, {"model": "token_blacklist.outstandingtoken", "pk": 174, "fields": {"user": 16, "jti": "b4e81859abc24114a948701501510fda", "token": "eyJ0eXAiOiJKV1QiLCJhbGciOiJIUzI1NiJ9.eyJ0b2tlbl90eXBlIjoicmVmcmVzaCIsImV4cCI6MTczNTMxNDgyMCwiaWF0IjoxNzM1MjI4NDIwLCJqdGkiOiJiNGU4MTg1OWFiYzI0MTE0YTk0ODcwMTUwMTUxMGZkYSIsImVtYWlsIjoibWlraXlhc3RAYXdhc2h3aW5lLmNvbSJ9.UUNv_CU_K1U9eAUbVSSoEauL6MwY9WitG_-ugvV1uck", "created_at": "2024-12-26T15:53:40.815Z", "expires_at": "2024-12-27T15:53:40Z"}}, {"model": "token_blacklist.outstandingtoken", "pk": 175, "fields": {"user": 16, "jti": "79e7c2d6b6ec4de192940b0f4ef45aa8", "token": "eyJ0eXAiOiJKV1QiLCJhbGciOiJIUzI1NiJ9.eyJ0b2tlbl90eXBlIjoicmVmcmVzaCIsImV4cCI6MTczNTM2NDA1OCwiaWF0IjoxNzM1Mjc3NjU4LCJqdGkiOiI3OWU3YzJkNmI2ZWM0ZGUxOTI5NDBiMGY0ZWY0NWFhOCIsImVtYWlsIjoibWlraXlhc3RAYXdhc2h3aW5lLmNvbSJ9.5FOT3KZ4bCfuQhtZnpbp3fwAWOt7GhT-77okJuBzFmA", "created_at": "2024-12-27T05:34:18.711Z", "expires_at": "2024-12-28T05:34:18Z"}}, {"model": "token_blacklist.outstandingtoken", "pk": 176, "fields": {"user": 16, "jti": "93410be19d7f4d5492b6c6770b7a2bde", "token": "eyJ0eXAiOiJKV1QiLCJhbGciOiJIUzI1NiJ9.eyJ0b2tlbl90eXBlIjoicmVmcmVzaCIsImV4cCI6MTczNTkwMTU5NywiaWF0IjoxNzM1ODE1MTk3LCJqdGkiOiI5MzQxMGJlMTlkN2Y0ZDU0OTJiNmM2NzcwYjdhMmJkZSIsImVtYWlsIjoibWlraXlhc3RAYXdhc2h3aW5lLmNvbSJ9.1OjSrriwPSc22V-DpQMO7Q6ngrs6QS6yb0qs8sCCHuE", "created_at": "2025-01-02T10:53:17.202Z", "expires_at": "2025-01-03T10:53:17Z"}}, {"model": "token_blacklist.outstandingtoken", "pk": 177, "fields": {"user": 16, "jti": "7c96a400149946cfb654792656dd6ee2", "token": "eyJ0eXAiOiJKV1QiLCJhbGciOiJIUzI1NiJ9.eyJ0b2tlbl90eXBlIjoicmVmcmVzaCIsImV4cCI6MTczNTkwMTk3MiwiaWF0IjoxNzM1ODE1NTcyLCJqdGkiOiI3Yzk2YTQwMDE0OTk0NmNmYjY1NDc5MjY1NmRkNmVlMiIsImVtYWlsIjoibWlraXlhc3RAYXdhc2h3aW5lLmNvbSJ9.pppFPyp4Ewhm6A6jIoFYaLFdTyCPUcfixX2gD0l46Lo", "created_at": "2025-01-02T10:59:32.028Z", "expires_at": "2025-01-03T10:59:32Z"}}, {"model": "token_blacklist.outstandingtoken", "pk": 178, "fields": {"user": 16, "jti": "41d61b98d8904ef8b52b74878f2b149a", "token": "eyJ0eXAiOiJKV1QiLCJhbGciOiJIUzI1NiJ9.eyJ0b2tlbl90eXBlIjoicmVmcmVzaCIsImV4cCI6MTczNTkwMjAwMywiaWF0IjoxNzM1ODE1NjAzLCJqdGkiOiI0MWQ2MWI5OGQ4OTA0ZWY4YjUyYjc0ODc4ZjJiMTQ5YSIsImVtYWlsIjoibWlraXlhc3RAYXdhc2h3aW5lLmNvbSJ9.AmiwqngUbh66omY8r6GllU_FyeHdnQRaA5VrxrgFzpM", "created_at": "2025-01-02T11:00:03.421Z", "expires_at": "2025-01-03T11:00:03Z"}}, {"model": "token_blacklist.outstandingtoken", "pk": 179, "fields": {"user": 19, "jti": "856bb96faf2a4f99b0c10b7abe6ac6ba", "token": "eyJ0eXAiOiJKV1QiLCJhbGciOiJIUzI1NiJ9.eyJ0b2tlbl90eXBlIjoicmVmcmVzaCIsImV4cCI6MTczNjYwNTY1MywiaWF0IjoxNzM2NTE5MjUzLCJqdGkiOiI4NTZiYjk2ZmFmMmE0Zjk5YjBjMTBiN2FiZTZhYzZiYSIsImVtYWlsIjoid2Fub2ZpQGF3YXNod2luZS5jb20ifQ.2mZA162zpabbaC8r5VI8Sklmmyj3ViU9f6e75q1wFxk", "created_at": "2025-01-10T14:27:33.851Z", "expires_at": "2025-01-11T14:27:33Z"}}, {"model": "token_blacklist.outstandingtoken", "pk": 180, "fields": {"user": 19, "jti": "5f72c16445e641ecb18ac642e2b63d0e", "token": "eyJ0eXAiOiJKV1QiLCJhbGciOiJIUzI1NiJ9.eyJ0b2tlbl90eXBlIjoicmVmcmVzaCIsImV4cCI6MTczNjYwNTc1NywiaWF0IjoxNzM2NTE5MzU3LCJqdGkiOiI1ZjcyYzE2NDQ1ZTY0MWVjYjE4YWM2NDJlMmI2M2QwZSIsImVtYWlsIjoid2Fub2ZpQGF3YXNod2luZS5jb20ifQ.FuDyaMeiz6liWCkyHFJ0dKQmBlGFFd7ffOpT0tcavRg", "created_at": "2025-01-10T14:29:17.913Z", "expires_at": "2025-01-11T14:29:17Z"}}, {"model": "token_blacklist.outstandingtoken", "pk": 181, "fields": {"user": 19, "jti": "a88c2a25500c4fd6a2f4ad330c7626e1", "token": "eyJ0eXAiOiJKV1QiLCJhbGciOiJIUzI1NiJ9.eyJ0b2tlbl90eXBlIjoicmVmcmVzaCIsImV4cCI6MTczNjYwNTc5MywiaWF0IjoxNzM2NTE5MzkzLCJqdGkiOiJhODhjMmEyNTUwMGM0ZmQ2YTJmNGFkMzMwYzc2MjZlMSIsImVtYWlsIjoid2Fub2ZpQGF3YXNod2luZS5jb20ifQ.vgPo9i-zcLe8z9GvtFS83zB8LZQdp9dh0SFeeEWE1CA", "created_at": "2025-01-10T14:29:53.840Z", "expires_at": "2025-01-11T14:29:53Z"}}, {"model": "token_blacklist.outstandingtoken", "pk": 182, "fields": {"user": 16, "jti": "7492896d947b400993080cec3fac2cc6", "token": "eyJ0eXAiOiJKV1QiLCJhbGciOiJIUzI1NiJ9.eyJ0b2tlbl90eXBlIjoicmVmcmVzaCIsImV4cCI6MTczNjYwNTkxMywiaWF0IjoxNzM2NTE5NTEzLCJqdGkiOiI3NDkyODk2ZDk0N2I0MDA5OTMwODBjZWMzZmFjMmNjNiIsImVtYWlsIjoibWlraXlhc3RAYXdhc2h3aW5lLmNvbSJ9.ZJCYGMwYmmTPPbcuIrIGlpdl-EMlSgQHwqnfP2gMEdE", "created_at": "2025-01-10T14:31:53.818Z", "expires_at": "2025-01-11T14:31:53Z"}}, {"model": "token_blacklist.outstandingtoken", "pk": 183, "fields": {"user": 16, "jti": "9034ff8f9a7a447c8ba4eab0b93b2262", "token": "eyJ0eXAiOiJKV1QiLCJhbGciOiJIUzI1NiJ9.eyJ0b2tlbl90eXBlIjoicmVmcmVzaCIsImV4cCI6MTczODkyOTQ3OCwiaWF0IjoxNzM4ODQzMDc4LCJqdGkiOiI5MDM0ZmY4ZjlhN2E0NDdjOGJhNGVhYjBiOTNiMjI2MiIsImVtYWlsIjoibWlraXlhc3RAYXdhc2h3aW5lLmNvbSJ9.4eXe-6BLioAYXkGE1gjAHQxOfXLguyQvYaFeqyUiIxw", "created_at": "2025-02-06T11:57:58.423Z", "expires_at": "2025-02-07T11:57:58Z"}}, {"model": "token_blacklist.outstandingtoken", "pk": 184, "fields": {"user": 19, "jti": "ed111a6c752f4bf994e4efbe6460675e", "token": "eyJ0eXAiOiJKV1QiLCJhbGciOiJIUzI1NiJ9.eyJ0b2tlbl90eXBlIjoicmVmcmVzaCIsImV4cCI6MTczODkyOTUyNSwiaWF0IjoxNzM4ODQzMTI1LCJqdGkiOiJlZDExMWE2Yzc1MmY0YmY5OTRlNGVmYmU2NDYwNjc1ZSIsImVtYWlsIjoid2Fub2ZpQGF3YXNod2luZS5jb20ifQ.tX0Vh2iuBr57rkC-KroQMMnLVReO8QyWpa0roWAcBC4", "created_at": "2025-02-06T11:58:45.240Z", "expires_at": "2025-02-07T11:58:45Z"}}, {"model": "token_blacklist.outstandingtoken", "pk": 185, "fields": {"user": 16, "jti": "b34957c1b7b5400fab446cc74c468b9e", "token": "eyJ0eXAiOiJKV1QiLCJhbGciOiJIUzI1NiJ9.eyJ0b2tlbl90eXBlIjoicmVmcmVzaCIsImV4cCI6MTczODkzMzU4NCwiaWF0IjoxNzM4ODQ3MTg0LCJqdGkiOiJiMzQ5NTdjMWI3YjU0MDBmYWI0NDZjYzc0YzQ2OGI5ZSIsImVtYWlsIjoibWlraXlhc3RAYXdhc2h3aW5lLmNvbSJ9._Ys7wY9NeebR5JHHlTPTFwivqYTU0RXyipU9NOZSu98", "created_at": "2025-02-06T13:06:24.117Z", "expires_at": "2025-02-07T13:06:24Z"}}, {"model": "token_blacklist.outstandingtoken", "pk": 186, "fields": {"user": 16, "jti": "428064dcd6a64d26bdc06e375063226a", "token": "eyJ0eXAiOiJKV1QiLCJhbGciOiJIUzI1NiJ9.eyJ0b2tlbl90eXBlIjoicmVmcmVzaCIsImV4cCI6MTczODkzNDYyMCwiaWF0IjoxNzM4ODQ4MjIwLCJqdGkiOiI0MjgwNjRkY2Q2YTY0ZDI2YmRjMDZlMzc1MDYzMjI2YSIsImVtYWlsIjoibWlraXlhc3RAYXdhc2h3aW5lLmNvbSJ9.b8RB4cRouHUNVuhyYrrsjtXE5PzJli6WslEjA0Gmf2Q", "created_at": "2025-02-06T13:23:40.429Z", "expires_at": "2025-02-07T13:23:40Z"}}, {"model": "token_blacklist.outstandingtoken", "pk": 187, "fields": {"user": 16, "jti": "60eabdcba64843948734fb191d189370", "token": "eyJ0eXAiOiJKV1QiLCJhbGciOiJIUzI1NiJ9.eyJ0b2tlbl90eXBlIjoicmVmcmVzaCIsImV4cCI6MTczODkzNDYyNywiaWF0IjoxNzM4ODQ4MjI3LCJqdGkiOiI2MGVhYmRjYmE2NDg0Mzk0ODczNGZiMTkxZDE4OTM3MCIsImVtYWlsIjoibWlraXlhc3RAYXdhc2h3aW5lLmNvbSJ9.WbzbsQsKbV45edTqqIVO6YCSwdnXtK4Rvn6jZxx4Zkg", "created_at": "2025-02-06T13:23:47.035Z", "expires_at": "2025-02-07T13:23:47Z"}}, {"model": "token_blacklist.outstandingtoken", "pk": 188, "fields": {"user": 19, "jti": "5bd48e38c85a4710895bfcd09bc15af7", "token": "eyJ0eXAiOiJKV1QiLCJhbGciOiJIUzI1NiJ9.eyJ0b2tlbl90eXBlIjoicmVmcmVzaCIsImV4cCI6MTczODkzNTE3NiwiaWF0IjoxNzM4ODQ4Nzc2LCJqdGkiOiI1YmQ0OGUzOGM4NWE0NzEwODk1YmZjZDA5YmMxNWFmNyIsImVtYWlsIjoid2Fub2ZpQGF3YXNod2luZS5jb20ifQ._6tPJ743c7FXElcVhCNx-e4vs8r8s3tyuNaCLutNg7U", "created_at": "2025-02-06T13:32:56.376Z", "expires_at": "2025-02-07T13:32:56Z"}}, {"model": "token_blacklist.outstandingtoken", "pk": 189, "fields": {"user": 16, "jti": "354f1ccc32dd43938894b2008361f1f7", "token": "eyJ0eXAiOiJKV1QiLCJhbGciOiJIUzI1NiJ9.eyJ0b2tlbl90eXBlIjoicmVmcmVzaCIsImV4cCI6MTczODkzNjMyNCwiaWF0IjoxNzM4ODQ5OTI0LCJqdGkiOiIzNTRmMWNjYzMyZGQ0MzkzODg5NGIyMDA4MzYxZjFmNyIsImVtYWlsIjoibWlraXlhc3RAYXdhc2h3aW5lLmNvbSJ9.4thza1pNMZKt4lrmu1ocI-j-FfYGsZGceeR-Bd3fnGE", "created_at": "2025-02-06T13:52:04.245Z", "expires_at": "2025-02-07T13:52:04Z"}}, {"model": "token_blacklist.outstandingtoken", "pk": 190, "fields": {"user": 16, "jti": "4d4c853769e74a649db2ab0b9fbb9954", "token": "eyJ0eXAiOiJKV1QiLCJhbGciOiJIUzI1NiJ9.eyJ0b2tlbl90eXBlIjoicmVmcmVzaCIsImV4cCI6MTczODkzNjM2NywiaWF0IjoxNzM4ODQ5OTY3LCJqdGkiOiI0ZDRjODUzNzY5ZTc0YTY0OWRiMmFiMGI5ZmJiOTk1NCIsImVtYWlsIjoibWlraXlhc3RAYXdhc2h3aW5lLmNvbSJ9.4DU7_uvq9Vb9hdR2h62wpJlNCaRyXqCrYXttGhy0Gu0", "created_at": "2025-02-06T13:52:47.553Z", "expires_at": "2025-02-07T13:52:47Z"}}, {"model": "token_blacklist.outstandingtoken", "pk": 191, "fields": {"user": 19, "jti": "4c89795fca0341a8baa28ab687d716f7", "token": "eyJ0eXAiOiJKV1QiLCJhbGciOiJIUzI1NiJ9.eyJ0b2tlbl90eXBlIjoicmVmcmVzaCIsImV4cCI6MTczODkzNjM5MywiaWF0IjoxNzM4ODQ5OTkzLCJqdGkiOiI0Yzg5Nzk1ZmNhMDM0MWE4YmFhMjhhYjY4N2Q3MTZmNyIsImVtYWlsIjoid2Fub2ZpQGF3YXNod2luZS5jb20ifQ.IW3RNRO3mQyEs_tgXEI7R8EAAmGMm2EKTLxMfm7jWfw", "created_at": "2025-02-06T13:53:13.882Z", "expires_at": "2025-02-07T13:53:13Z"}}, {"model": "token_blacklist.outstandingtoken", "pk": 192, "fields": {"user": 19, "jti": "24eab1a1edab4db286414f5fc4a6aac6", "token": "eyJ0eXAiOiJKV1QiLCJhbGciOiJIUzI1NiJ9.eyJ0b2tlbl90eXBlIjoicmVmcmVzaCIsImV4cCI6MTczODkzNjUwNCwiaWF0IjoxNzM4ODUwMTA0LCJqdGkiOiIyNGVhYjFhMWVkYWI0ZGIyODY0MTRmNWZjNGE2YWFjNiIsImVtYWlsIjoid2Fub2ZpQGF3YXNod2luZS5jb20ifQ.jx-e8iYk8oQR-8K0QxdBEqxO61teUk3orhBo1zXvaQI", "created_at": "2025-02-06T13:55:04.553Z", "expires_at": "2025-02-07T13:55:04Z"}}, {"model": "token_blacklist.outstandingtoken", "pk": 193, "fields": {"user": 19, "jti": "22cf54a6a7684c49a1f5606cbd375fcb", "token": "eyJ0eXAiOiJKV1QiLCJhbGciOiJIUzI1NiJ9.eyJ0b2tlbl90eXBlIjoicmVmcmVzaCIsImV4cCI6MTczODkzNjczNywiaWF0IjoxNzM4ODUwMzM3LCJqdGkiOiIyMmNmNTRhNmE3Njg0YzQ5YTFmNTYwNmNiZDM3NWZjYiIsImVtYWlsIjoid2Fub2ZpQGF3YXNod2luZS5jb20ifQ.BfllFaYvsJ6GHu8Fi8VbCESxpO8_x2duvpdASLBuiHs", "created_at": "2025-02-06T13:58:57.675Z", "expires_at": "2025-02-07T13:58:57Z"}}, {"model": "token_blacklist.outstandingtoken", "pk": 194, "fields": {"user": 19, "jti": "5a021d828ff6498c88b71edb09d3a29e", "token": "eyJ0eXAiOiJKV1QiLCJhbGciOiJIUzI1NiJ9.eyJ0b2tlbl90eXBlIjoicmVmcmVzaCIsImV4cCI6MTczODkzNjk4NCwiaWF0IjoxNzM4ODUwNTg0LCJqdGkiOiI1YTAyMWQ4MjhmZjY0OThjODhiNzFlZGIwOWQzYTI5ZSIsImVtYWlsIjoid2Fub2ZpQGF3YXNod2luZS5jb20ifQ.R7WaeD9qv0lghXA-K_9H9wG2hsdaKZam8CBqXsqOBis", "created_at": "2025-02-06T14:03:04.609Z", "expires_at": "2025-02-07T14:03:04Z"}}, {"model": "token_blacklist.outstandingtoken", "pk": 195, "fields": {"user": 19, "jti": "c00f7901e992437b9d4c81b1c495e084", "token": "eyJ0eXAiOiJKV1QiLCJhbGciOiJIUzI1NiJ9.eyJ0b2tlbl90eXBlIjoicmVmcmVzaCIsImV4cCI6MTczODkzNzA5OSwiaWF0IjoxNzM4ODUwNjk5LCJqdGkiOiJjMDBmNzkwMWU5OTI0MzdiOWQ0YzgxYjFjNDk1ZTA4NCIsImVtYWlsIjoid2Fub2ZpQGF3YXNod2luZS5jb20ifQ.slXsnq_fFoJp_uafJXPKTFqJieUR7h7RfxS0Ivuq2pc", "created_at": "2025-02-06T14:04:59.420Z", "expires_at": "2025-02-07T14:04:59Z"}}, {"model": "token_blacklist.outstandingtoken", "pk": 196, "fields": {"user": 19, "jti": "e5c90d14d8444e69aa31863702eb1780", "token": "eyJ0eXAiOiJKV1QiLCJhbGciOiJIUzI1NiJ9.eyJ0b2tlbl90eXBlIjoicmVmcmVzaCIsImV4cCI6MTczODkzNzQ5NiwiaWF0IjoxNzM4ODUxMDk2LCJqdGkiOiJlNWM5MGQxNGQ4NDQ0ZTY5YWEzMTg2MzcwMmViMTc4MCIsImVtYWlsIjoid2Fub2ZpQGF3YXNod2luZS5jb20ifQ.SplqbZWIruN3d2xJUSI1YnTwQfpA7cSyAcE4dRmtGjI", "created_at": "2025-02-06T14:11:36.455Z", "expires_at": "2025-02-07T14:11:36Z"}}, {"model": "token_blacklist.outstandingtoken", "pk": 197, "fields": {"user": 19, "jti": "d1a1a135386043f9930c6f2fd59926fa", "token": "eyJ0eXAiOiJKV1QiLCJhbGciOiJIUzI1NiJ9.eyJ0b2tlbl90eXBlIjoicmVmcmVzaCIsImV4cCI6MTczODkzNzk1MywiaWF0IjoxNzM4ODUxNTUzLCJqdGkiOiJkMWExYTEzNTM4NjA0M2Y5OTMwYzZmMmZkNTk5MjZmYSIsImVtYWlsIjoid2Fub2ZpQGF3YXNod2luZS5jb20ifQ.mN02wz3yplAjNnjPZZC8HT_dpKFpx7jQ3JfDX--iCXE", "created_at": "2025-02-06T14:19:13.730Z", "expires_at": "2025-02-07T14:19:13Z"}}, {"model": "token_blacklist.outstandingtoken", "pk": 198, "fields": {"user": 16, "jti": "75b0a630126e47c58d9a9af42aa70f61", "token": "eyJ0eXAiOiJKV1QiLCJhbGciOiJIUzI1NiJ9.eyJ0b2tlbl90eXBlIjoicmVmcmVzaCIsImV4cCI6MTczODk0ODk3NSwiaWF0IjoxNzM4ODYyNTc1LCJqdGkiOiI3NWIwYTYzMDEyNmU0N2M1OGQ5YTlhZjQyYWE3MGY2MSIsImVtYWlsIjoibWlraXlhc3RAYXdhc2h3aW5lLmNvbSJ9.GvaibYnJI10W8SMp-04egTnMenJviP3Y-vNEGhW1otA", "created_at": "2025-02-06T17:22:55.629Z", "expires_at": "2025-02-07T17:22:55Z"}}, {"model": "token_blacklist.outstandingtoken", "pk": 199, "fields": {"user": 19, "jti": "fefbee120e0d4acca2c19013ee2338d4", "token": "eyJ0eXAiOiJKV1QiLCJhbGciOiJIUzI1NiJ9.eyJ0b2tlbl90eXBlIjoicmVmcmVzaCIsImV4cCI6MTczODk0OTMwOCwiaWF0IjoxNzM4ODYyOTA4LCJqdGkiOiJmZWZiZWUxMjBlMGQ0YWNjYTJjMTkwMTNlZTIzMzhkNCIsImVtYWlsIjoid2Fub2ZpQGF3YXNod2luZS5jb20ifQ.4NBDTleYNepZO0Gdbq_9vFE3_6YtybKRGUbsk66dtQ0", "created_at": "2025-02-06T17:28:28.434Z", "expires_at": "2025-02-07T17:28:28Z"}}, {"model": "token_blacklist.outstandingtoken", "pk": 200, "fields": {"user": 16, "jti": "623d533d9b484dd19a94028f78316881", "token": "eyJ0eXAiOiJKV1QiLCJhbGciOiJIUzI1NiJ9.eyJ0b2tlbl90eXBlIjoicmVmcmVzaCIsImV4cCI6MTczOTQzMjA2NywiaWF0IjoxNzM5MzQ1NjY3LCJqdGkiOiI2MjNkNTMzZDliNDg0ZGQxOWE5NDAyOGY3ODMxNjg4MSIsImVtYWlsIjoibWlraXlhc3RAYXdhc2h3aW5lLmNvbSJ9.Z0yt0zNy7e4yTeKcfCAcPzQoVJguLpln1t-5a1J9If4", "created_at": "2025-02-12T07:34:27.031Z", "expires_at": "2025-02-13T07:34:27Z"}}, {"model": "token_blacklist.outstandingtoken", "pk": 201, "fields": {"user": 22, "jti": "75937b0501af498da0003d8fdf1f82ec", "token": "eyJ0eXAiOiJKV1QiLCJhbGciOiJIUzI1NiJ9.eyJ0b2tlbl90eXBlIjoicmVmcmVzaCIsImV4cCI6MTczOTc3MzEyMywiaWF0IjoxNzM5Njg2NzIzLCJqdGkiOiI3NTkzN2IwNTAxYWY0OThkYTAwMDNkOGZkZjFmODJlYyIsImVtYWlsIjoiZGFuaWVsQGF3YXNod2luZS5jb20ifQ.iGsWNXTdYpq_CbqbdLAVhvVOSIe-5Pb7QIo3nr5drR8", "created_at": "2025-02-16T06:18:43.499Z", "expires_at": "2025-02-17T06:18:43Z"}}, {"model": "token_blacklist.outstandingtoken", "pk": 202, "fields": {"user": 22, "jti": "8e37a14f7b9a4b24917966030a3570e9", "token": "eyJ0eXAiOiJKV1QiLCJhbGciOiJIUzI1NiJ9.eyJ0b2tlbl90eXBlIjoicmVmcmVzaCIsImV4cCI6MTczOTc3MzE3MSwiaWF0IjoxNzM5Njg2NzcxLCJqdGkiOiI4ZTM3YTE0ZjdiOWE0YjI0OTE3OTY2MDMwYTM1NzBlOSIsImVtYWlsIjoiZGFuaWVsQGF3YXNod2luZS5jb20ifQ.jo9Kjo_8h3U0sIySeIhwOfHRtGm3_41u67qKy1ZEZ_s", "created_at": "2025-02-16T06:19:31.031Z", "expires_at": "2025-02-17T06:19:31Z"}}, {"model": "token_blacklist.outstandingtoken", "pk": 203, "fields": {"user": 16, "jti": "d77fbd30ac4b4a54857d71923d62fea3", "token": "eyJ0eXAiOiJKV1QiLCJhbGciOiJIUzI1NiJ9.eyJ0b2tlbl90eXBlIjoicmVmcmVzaCIsImV4cCI6MTczOTg3Nzk1OCwiaWF0IjoxNzM5NzkxNTU4LCJqdGkiOiJkNzdmYmQzMGFjNGI0YTU0ODU3ZDcxOTIzZDYyZmVhMyIsImVtYWlsIjoibWlraXlhc3RAYXdhc2h3aW5lLmNvbSJ9.k-8c7wRy4-kqNjNuARzJQDy_IE851aadJx-Lf939AyA", "created_at": "2025-02-17T11:25:58.069Z", "expires_at": "2025-02-18T11:25:58Z"}}, {"model": "token_blacklist.outstandingtoken", "pk": 204, "fields": {"user": 19, "jti": "6f1a99813ad84393b5aa0139c55edcc7", "token": "eyJ0eXAiOiJKV1QiLCJhbGciOiJIUzI1NiJ9.eyJ0b2tlbl90eXBlIjoicmVmcmVzaCIsImV4cCI6MTczOTg3ODAxNywiaWF0IjoxNzM5NzkxNjE3LCJqdGkiOiI2ZjFhOTk4MTNhZDg0MzkzYjVhYTAxMzljNTVlZGNjNyIsImVtYWlsIjoid2Fub2ZpQGF3YXNod2luZS5jb20ifQ.vQ6hKZ2ufAvoN0SohiBvGG5RD4zis0eVcXFIKE16-VE", "created_at": "2025-02-17T11:26:57.524Z", "expires_at": "2025-02-18T11:26:57Z"}}, {"model": "token_blacklist.outstandingtoken", "pk": 205, "fields": {"user": 19, "jti": "55f146a442af469a9f3c97d2a0ff35ff", "token": "eyJ0eXAiOiJKV1QiLCJhbGciOiJIUzI1NiJ9.eyJ0b2tlbl90eXBlIjoicmVmcmVzaCIsImV4cCI6MTczOTg3ODA1OCwiaWF0IjoxNzM5NzkxNjU4LCJqdGkiOiI1NWYxNDZhNDQyYWY0NjlhOWYzYzk3ZDJhMGZmMzVmZiIsImVtYWlsIjoid2Fub2ZpQGF3YXNod2luZS5jb20ifQ.tks3rQMoyyFfHuIJyun8FHky22IRv6jPgIuGyk6QzY0", "created_at": "2025-02-17T11:27:38.128Z", "expires_at": "2025-02-18T11:27:38Z"}}, {"model": "token_blacklist.outstandingtoken", "pk": 206, "fields": {"user": 19, "jti": "c8de313e9f8c434fb855bd60295176c5", "token": "eyJ0eXAiOiJKV1QiLCJhbGciOiJIUzI1NiJ9.eyJ0b2tlbl90eXBlIjoicmVmcmVzaCIsImV4cCI6MTczOTg3ODIzMSwiaWF0IjoxNzM5NzkxODMxLCJqdGkiOiJjOGRlMzEzZTlmOGM0MzRmYjg1NWJkNjAyOTUxNzZjNSIsImVtYWlsIjoid2Fub2ZpQGF3YXNod2luZS5jb20ifQ.YC9euVmdf7SGiji59_WQRUEfQrfXfTwwOX0ulibPWj0", "created_at": "2025-02-17T11:30:31.561Z", "expires_at": "2025-02-18T11:30:31Z"}}, {"model": "token_blacklist.outstandingtoken", "pk": 207, "fields": {"user": 19, "jti": "af9717743387470e83bc98fb7ed25fb3", "token": "eyJ0eXAiOiJKV1QiLCJhbGciOiJIUzI1NiJ9.eyJ0b2tlbl90eXBlIjoicmVmcmVzaCIsImV4cCI6MTczOTg3ODYxNywiaWF0IjoxNzM5NzkyMjE3LCJqdGkiOiJhZjk3MTc3NDMzODc0NzBlODNiYzk4ZmI3ZWQyNWZiMyIsImVtYWlsIjoid2Fub2ZpQGF3YXNod2luZS5jb20ifQ.CI_jwAOLe6KwK3M-LJx8j-ow_AYgq_4qHsjHwsrkwlI", "created_at": "2025-02-17T11:36:57.938Z", "expires_at": "2025-02-18T11:36:57Z"}}, {"model": "token_blacklist.outstandingtoken", "pk": 208, "fields": {"user": 19, "jti": "4d37dd0451d949bc95039ea3683b5ece", "token": "eyJ0eXAiOiJKV1QiLCJhbGciOiJIUzI1NiJ9.eyJ0b2tlbl90eXBlIjoicmVmcmVzaCIsImV4cCI6MTczOTg3ODg4MSwiaWF0IjoxNzM5NzkyNDgxLCJqdGkiOiI0ZDM3ZGQwNDUxZDk0OWJjOTUwMzllYTM2ODNiNWVjZSIsImVtYWlsIjoid2Fub2ZpQGF3YXNod2luZS5jb20ifQ.geEfXDkCrOOILnZFit9oJReaUvYCNTa-Oi-vL21fK1E", "created_at": "2025-02-17T11:41:21.827Z", "expires_at": "2025-02-18T11:41:21Z"}}, {"model": "token_blacklist.outstandingtoken", "pk": 209, "fields": {"user": 16, "jti": "3e76230c12634aedaf99ad28fcc58b39", "token": "eyJ0eXAiOiJKV1QiLCJhbGciOiJIUzI1NiJ9.eyJ0b2tlbl90eXBlIjoicmVmcmVzaCIsImV4cCI6MTczOTg4MDYxMywiaWF0IjoxNzM5Nzk0MjEzLCJqdGkiOiIzZTc2MjMwYzEyNjM0YWVkYWY5OWFkMjhmY2M1OGIzOSIsImVtYWlsIjoibWlraXlhc3RAYXdhc2h3aW5lLmNvbSJ9.VCINX3GXB7YRxOhpUR_Fu27zRDw2QP8oB5-c_-0cUeo", "created_at": "2025-02-17T12:10:13.814Z", "expires_at": "2025-02-18T12:10:13Z"}}, {"model": "token_blacklist.outstandingtoken", "pk": 210, "fields": {"user": 16, "jti": "1c29541f95f54b17a100cc8790e7daa3", "token": "eyJ0eXAiOiJKV1QiLCJhbGciOiJIUzI1NiJ9.eyJ0b2tlbl90eXBlIjoicmVmcmVzaCIsImV4cCI6MTczOTg4MTAzMCwiaWF0IjoxNzM5Nzk0NjMwLCJqdGkiOiIxYzI5NTQxZjk1ZjU0YjE3YTEwMGNjODc5MGU3ZGFhMyIsImVtYWlsIjoibWlraXlhc3RAYXdhc2h3aW5lLmNvbSJ9.OZFeJI7Qs2gxEC3AsAleRHchdyxkEBcbaGgnYUSG0W0", "created_at": "2025-02-17T12:17:10.152Z", "expires_at": "2025-02-18T12:17:10Z"}}, {"model": "token_blacklist.outstandingtoken", "pk": 211, "fields": {"user": 16, "jti": "f8560add5e49442dbb49f1b802776a70", "token": "eyJ0eXAiOiJKV1QiLCJhbGciOiJIUzI1NiJ9.eyJ0b2tlbl90eXBlIjoicmVmcmVzaCIsImV4cCI6MTczOTg4MTA0MSwiaWF0IjoxNzM5Nzk0NjQxLCJqdGkiOiJmODU2MGFkZDVlNDk0NDJkYmI0OWYxYjgwMjc3NmE3MCIsImVtYWlsIjoibWlraXlhc3RAYXdhc2h3aW5lLmNvbSJ9.Mj_vTsSb1WB7ziqQTzGQG2J-yK6tCA09mSRu5800L8c", "created_at": "2025-02-17T12:17:21.727Z", "expires_at": "2025-02-18T12:17:21Z"}}, {"model": "token_blacklist.outstandingtoken", "pk": 212, "fields": {"user": 16, "jti": "44210b36ce4248b5a5454a87b94c573d", "token": "eyJ0eXAiOiJKV1QiLCJhbGciOiJIUzI1NiJ9.eyJ0b2tlbl90eXBlIjoicmVmcmVzaCIsImV4cCI6MTczOTg4MTA3MSwiaWF0IjoxNzM5Nzk0NjcxLCJqdGkiOiI0NDIxMGIzNmNlNDI0OGI1YTU0NTRhODdiOTRjNTczZCIsImVtYWlsIjoibWlraXlhc3RAYXdhc2h3aW5lLmNvbSJ9._HkDx_ZkUQewCVgtn2MDZuHalAn4OrPTckuVPGky8Lg", "created_at": "2025-02-17T12:17:51.041Z", "expires_at": "2025-02-18T12:17:51Z"}}, {"model": "token_blacklist.outstandingtoken", "pk": 213, "fields": {"user": 19, "jti": "1ae8e5dfeb364497a8aca60fb9ea671d", "token": "eyJ0eXAiOiJKV1QiLCJhbGciOiJIUzI1NiJ9.eyJ0b2tlbl90eXBlIjoicmVmcmVzaCIsImV4cCI6MTczOTg4NzczNSwiaWF0IjoxNzM5ODAxMzM1LCJqdGkiOiIxYWU4ZTVkZmViMzY0NDk3YThhY2E2MGZiOWVhNjcxZCIsImVtYWlsIjoid2Fub2ZpQGF3YXNod2luZS5jb20ifQ.hvzCJ5LkRS0AYBjDCi2LO3zWjlFTB02mfntPvFK9ygM", "created_at": "2025-02-17T14:08:55.313Z", "expires_at": "2025-02-18T14:08:55Z"}}, {"model": "token_blacklist.outstandingtoken", "pk": 214, "fields": {"user": 19, "jti": "93eec2e86357448e8bb84c7694b18e1e", "token": "eyJ0eXAiOiJKV1QiLCJhbGciOiJIUzI1NiJ9.eyJ0b2tlbl90eXBlIjoicmVmcmVzaCIsImV4cCI6MTczOTk0Mzc4NCwiaWF0IjoxNzM5ODU3Mzg0LCJqdGkiOiI5M2VlYzJlODYzNTc0NDhlOGJiODRjNzY5NGIxOGUxZSIsImVtYWlsIjoid2Fub2ZpQGF3YXNod2luZS5jb20ifQ.zNLUeW6An_znYGi7ZSV24lnGmJfqks5spzJljWJdph4", "created_at": "2025-02-18T05:43:04.588Z", "expires_at": "2025-02-19T05:43:04Z"}}, {"model": "token_blacklist.outstandingtoken", "pk": 215, "fields": {"user": 19, "jti": "36f3fb5524b8465a94ad2163a1d8809c", "token": "eyJ0eXAiOiJKV1QiLCJhbGciOiJIUzI1NiJ9.eyJ0b2tlbl90eXBlIjoicmVmcmVzaCIsImV4cCI6MTczOTk0NTE1MiwiaWF0IjoxNzM5ODU4NzUyLCJqdGkiOiIzNmYzZmI1NTI0Yjg0NjVhOTRhZDIxNjNhMWQ4ODA5YyIsImVtYWlsIjoid2Fub2ZpQGF3YXNod2luZS5jb20ifQ.El9QCEj1_V5NOSHxojr4m-9CgTiEvi6Qq7azgbsquiw", "created_at": "2025-02-18T06:05:52.245Z", "expires_at": "2025-02-19T06:05:52Z"}}, {"model": "token_blacklist.outstandingtoken", "pk": 216, "fields": {"user": 19, "jti": "930ec96bae96436ebfc1ead1536d92e3", "token": "eyJ0eXAiOiJKV1QiLCJhbGciOiJIUzI1NiJ9.eyJ0b2tlbl90eXBlIjoicmVmcmVzaCIsImV4cCI6MTczOTk0NTE4MywiaWF0IjoxNzM5ODU4NzgzLCJqdGkiOiI5MzBlYzk2YmFlOTY0MzZlYmZjMWVhZDE1MzZkOTJlMyIsImVtYWlsIjoid2Fub2ZpQGF3YXNod2luZS5jb20ifQ.kbhPd0FtGPmQ1agb7RZIrunjiQ78jP9jjKWuM8mIFWI", "created_at": "2025-02-18T06:06:23.076Z", "expires_at": "2025-02-19T06:06:23Z"}}, {"model": "token_blacklist.outstandingtoken", "pk": 217, "fields": {"user": 19, "jti": "7efe10a091ce4f7b922f51d41a233271", "token": "eyJ0eXAiOiJKV1QiLCJhbGciOiJIUzI1NiJ9.eyJ0b2tlbl90eXBlIjoicmVmcmVzaCIsImV4cCI6MTczOTk0NTIxNSwiaWF0IjoxNzM5ODU4ODE1LCJqdGkiOiI3ZWZlMTBhMDkxY2U0ZjdiOTIyZjUxZDQxYTIzMzI3MSIsImVtYWlsIjoid2Fub2ZpQGF3YXNod2luZS5jb20ifQ.YPN43czoTAVDoSluP0p-Osy_53TX5LS7OLvWy1xnMDE", "created_at": "2025-02-18T06:06:55.052Z", "expires_at": "2025-02-19T06:06:55Z"}}, {"model": "token_blacklist.outstandingtoken", "pk": 218, "fields": {"user": 19, "jti": "9c457a0bfcc946a9acf0b002035f0574", "token": "eyJ0eXAiOiJKV1QiLCJhbGciOiJIUzI1NiJ9.eyJ0b2tlbl90eXBlIjoicmVmcmVzaCIsImV4cCI6MTczOTk0NjE3OCwiaWF0IjoxNzM5ODU5Nzc4LCJqdGkiOiI5YzQ1N2EwYmZjYzk0NmE5YWNmMGIwMDIwMzVmMDU3NCIsImVtYWlsIjoid2Fub2ZpQGF3YXNod2luZS5jb20ifQ.uFNJB8PCdFXyD4HFMJAIaGnqItTXaKcsr6GF7uIGCTk", "created_at": "2025-02-18T06:22:58.410Z", "expires_at": "2025-02-19T06:22:58Z"}}, {"model": "token_blacklist.outstandingtoken", "pk": 219, "fields": {"user": 16, "jti": "527b21709f3946c991f830f80acb2da7", "token": "eyJ0eXAiOiJKV1QiLCJhbGciOiJIUzI1NiJ9.eyJ0b2tlbl90eXBlIjoicmVmcmVzaCIsImV4cCI6MTczOTk0ODE3NSwiaWF0IjoxNzM5ODYxNzc1LCJqdGkiOiI1MjdiMjE3MDlmMzk0NmM5OTFmODMwZjgwYWNiMmRhNyIsImVtYWlsIjoibWlraXlhc3RAYXdhc2h3aW5lLmNvbSJ9.I60GqlYfzRpbcfpJlsCZjFCVAhsFeETMqXjWnXojp_w", "created_at": "2025-02-18T06:56:15.454Z", "expires_at": "2025-02-19T06:56:15Z"}}, {"model": "tickets.ticketcategory", "pk": 1, "fields": {"name": "Syspro Problem", "description": "", "image": ""}}, {"model": "tickets.ticketcategory", "pk": 2, "fields": {"name": "Network Problem", "description": "", "image": ""}}, {"model": "tickets.ticketcategory", "pk": 3, "fields": {"name": "Hardware Problem", "description": "", "image": ""}}, {"model": "tickets.ticketcategory", "pk": 4, "fields": {"name": "Software Problem", "description": "", "image": ""}}, {"model": "tickets.ticketcategory", "pk": 5, "fields": {"name": "Printer Problem", "description": "", "image": ""}}, {"model": "tickets.ticket", "pk": 23, "fields": {"title": "Printer Problem", "description": "test", "status": "Open", "created_at": "2024-12-25T14:02:19.509Z", "category": 5, "updated_at": "2024-12-25T14:02:19.509Z", "assigned_to": null, "created_by": 19}}, {"model": "tickets.ticket", "pk": 24, "fields": {"title": "Printer Problem", "description": "test", "status": "Open", "created_at": "2024-12-25T14:02:26.512Z", "category": 5, "updated_at": "2024-12-25T14:02:26.513Z", "assigned_to": null, "created_by": 19}}, {"model": "tickets.ticket", "pk": 25, "fields": {"title": "Printer Problem", "description": "test", "status": "Open", "created_at": "2024-12-25T14:02:41.681Z", "category": 5, "updated_at": "2024-12-25T14:02:41.681Z", "assigned_to": null, "created_by": 19}}, {"model": "tickets.ticket", "pk": 26, "fields": {"title": "Printer Problem", "description": "test", "status": "Open", "created_at": "2024-12-25T14:11:59.369Z", "category": 5, "updated_at": "2024-12-25T14:11:59.369Z", "assigned_to": null, "created_by": 19}}, {"model": "tickets.ticket", "pk": 27, "fields": {"title": "Network Problem", "description": "My Network is not working now", "status": "Closed", "created_at": "2024-12-26T08:49:13.003Z", "category": 2, "updated_at": "2024-12-26T08:52:47.533Z", "assigned_to": 16, "created_by": 21}}, {"model": "tickets.ticket", "pk": 28, "fields": {"title": "Syspro Problem", "description": "unable to login", "status": "Closed", "created_at": "2024-12-26T09:08:45.878Z", "category": 1, "updated_at": "2024-12-26T12:05:26.022Z", "assigned_to": 16, "created_by": 22}}, {"model": "tickets.ticket", "pk": 29, "fields": {"title": "Syspro Problem", "description": "login issue", "status": "Pending", "created_at": "2024-12-26T12:34:44.546Z", "category": 1, "updated_at": "2024-12-26T15:46:05.946Z", "assigned_to": 16, "created_by": 23}}, {"model": "tickets.ticket", "pk": 30, "fields": {"title": "Syspro Problem", "description": "login issue", "status": "Pending", "created_at": "2024-12-26T12:34:58.674Z", "category": 1, "updated_at": "2024-12-26T15:47:31.181Z", "assigned_to": 16, "created_by": 23}}, {"model": "tickets.ticket", "pk": 31, "fields": {"title": "Software Problem", "description": "Outlook not working", "status": "Open", "created_at": "2025-02-06T17:30:35.831Z", "category": 4, "updated_at": "2025-02-06T17:30:35.831Z", "assigned_to": null, "created_by": 19}}, {"model": "tickets.ticket", "pk": 32, "fields": {"title": "Printer Problem", "description": "test request for acknowledgement", "status": "Pending", "created_at": "2025-02-17T11:38:01.555Z", "category": 5, "updated_at": "2025-02-17T12:11:05.513Z", "assigned_to": 16, "created_by": 19}}, {"model": "tickets.ticketcomment", "pk": 3, "fields": {"ticket": 27, "author": 16, "content": "fixed", "created_at": "2024-12-26T08:51:49.505Z", "parent": null}}, {"model": "tickets.ticketcomment", "pk": 4, "fields": {"ticket": 28, "author": 16, "content": "Fixed the Issue", "created_at": "2024-12-26T09:14:25.017Z", "parent": null}}, {"model": "tickets.ticketcomment", "pk": 5, "fields": {"ticket": 29, "author": 16, "content": "the issue is fixed", "created_at": "2024-12-26T15:46:05.724Z", "parent": null}}, {"model": "tickets.ticketcomment", "pk": 6, "fields": {"ticket": 30, "author": 16, "content": "the issue is fixed", "created_at": "2024-12-26T15:47:30.928Z", "parent": null}}, {"model": "tickets.ticketcomment", "pk": 7, "fields": {"ticket": 32, "author": 16, "content": "please close request", "created_at": "2025-02-17T12:11:05.369Z", "parent": null}}, {"model": "tickets.tickethistory", "pk": 7, "fields": {"ticket": 27, "updated_at": "2024-12-26T08:50:35.443Z", "updated_by": 16, "field_name": "status", "old_value": "Open", "new_value": "In Progress"}}, {"model": "tickets.tickethistory", "pk": 8, "fields": {"ticket": 27, "updated_at": "2024-12-26T08:51:49.661Z", "updated_by": 16, "field_name": "status", "old_value": "In Progress", "new_value": "Pending"}}, {"model": "tickets.tickethistory", "pk": 9, "fields": {"ticket": 27, "updated_at": "2024-12-26T08:52:47.532Z", "updated_by": 21, "field_name": "status", "old_value": "Pending", "new_value": "Closed"}}, {"model": "tickets.tickethistory", "pk": 10, "fields": {"ticket": 28, "updated_at": "2024-12-26T09:09:45.084Z", "updated_by": 16, "field_name": "status", "old_value": "Open", "new_value": "In Progress"}}, {"model": "tickets.tickethistory", "pk": 11, "fields": {"ticket": 28, "updated_at": "2024-12-26T09:14:25.199Z", "updated_by": 16, "field_name": "status", "old_value": "In Progress", "new_value": "Pending"}}, {"model": "tickets.tickethistory", "pk": 12, "fields": {"ticket": 28, "updated_at": "2024-12-26T12:05:26.020Z", "updated_by": 22, "field_name": "status", "old_value": "Pending", "new_value": "Closed"}}, {"model": "tickets.tickethistory", "pk": 13, "fields": {"ticket": 29, "updated_at": "2024-12-26T15:45:07.076Z", "updated_by": 16, "field_name": "status", "old_value": "Open", "new_value": "In Progress"}}, {"model": "tickets.tickethistory", "pk": 14, "fields": {"ticket": 29, "updated_at": "2024-12-26T15:46:05.943Z", "updated_by": 16, "field_name": "status", "old_value": "In Progress", "new_value": "Pending"}}, {"model": "tickets.tickethistory", "pk": 15, "fields": {"ticket": 30, "updated_at": "2024-12-26T15:46:37.434Z", "updated_by": 16, "field_name": "status", "old_value": "Open", "new_value": "In Progress"}}, {"model": "tickets.tickethistory", "pk": 16, "fields": {"ticket": 30, "updated_at": "2024-12-26T15:47:31.180Z", "updated_by": 16, "field_name": "status", "old_value": "In Progress", "new_value": "Pending"}}, {"model": "tickets.tickethistory", "pk": 17, "fields": {"ticket": 32, "updated_at": "2025-02-17T12:10:27.624Z", "updated_by": 16, "field_name": "status", "old_value": "Open", "new_value": "In Progress"}}, {"model": "tickets.tickethistory", "pk": 18, "fields": {"ticket": 32, "updated_at": "2025-02-17T12:11:05.512Z", "updated_by": 16, "field_name": "status", "old_value": "In Progress", "new_value": "Pending"}}, {"model": "tickets.attachment", "pk": 2, "fields": {"file": "attachments/Integration_Seq.png", "uploaded_at": "2024-12-26T09:08:45.913Z", "ticket": 28}}, {"model": "tickets.attachment", "pk": 3, "fields": {"file": "attachments/Capture.PNG", "uploaded_at": "2024-12-26T12:34:44.559Z", "ticket": 29}}, {"model": "tickets.attachment", "pk": 4, "fields": {"file": "attachments/Capture_r3TjleB.PNG", "uploaded_at": "2024-12-26T12:34:58.680Z", "ticket": 30}}, {"model": "tickets.attachment", "pk": 5, "fields": {"file": "attachments/20250204_083702.jpg", "uploaded_at": "2025-02-06T17:30:35.853Z", "ticket": 31}}, {"model": "tickets.acknowledgement", "pk": 1, "fields": {"ticket": 23, "author": 19, "content": "test", "created_at": "2025-02-06T13:19:19.536Z"}}, {"model": "tickets.acknowledgement", "pk": 2, "fields": {"ticket": 24, "author": 19, "content": "Test", "created_at": "2025-02-06T14:12:21.014Z"}}, {"model": "api.apikey", "pk": 1, "fields": {"user": 1, "key": "uM7Xixv9QfHHvfIAN1Ag9p1MvxLNR1zVGZsQPL-Q2rk"}}, {"model": "notifications.notification", "pk": 2, "fields": {"user": 1, "message": "A new ticket 'Syspro Problem' has been created by Mikiyast.", "read": false, "created_at": "2024-12-03T13:52:46.956Z", "notification_type": "Ticket"}}, {"model": "notifications.notification", "pk": 8, "fields": {"user": 1, "message": "A new ticket 'Hardware Problem' has been created by Mikiyast.", "read": false, "created_at": "2024-12-03T13:57:16.278Z", "notification_type": "Ticket"}}, {"model": "notifications.notification", "pk": 11, "fields": {"user": 1, "message": "A new ticket 'Syspro Problem' has been created by Mikiyast.", "read": false, "created_at": "2024-12-03T14:18:56.893Z", "notification_type": "Ticket"}}, {"model": "notifications.notification", "pk": 17, "fields": {"user": 1, "message": "A new ticket 'Software Problem' has been created by Mikiyast.", "read": false, "created_at": "2024-12-04T15:55:18.680Z", "notification_type": "Ticket"}}, {"model": "notifications.notification", "pk": 20, "fields": {"user": 1, "message": "A new ticket 'Software Problem' has been created by Mikiyast.", "read": false, "created_at": "2024-12-05T15:00:48.447Z", "notification_type": "Ticket"}}, {"model": "notifications.notification", "pk": 23, "fields": {"user": 1, "message": "A new ticket 'Network Problem' has been created by Mikiyast.", "read": false, "created_at": "2024-12-09T15:03:54.768Z", "notification_type": "Ticket"}}, {"model": "notifications.notification", "pk": 26, "fields": {"user": 1, "message": "A new ticket 'Network Problem' has been created by Mikiyast.", "read": false, "created_at": "2024-12-12T18:10:50.982Z", "notification_type": "Ticket"}}, {"model": "notifications.notification", "pk": 29, "fields": {"user": 1, "message": "A new ticket 'Syspro Problem' has been created by Mikiyas.", "read": false, "created_at": "2024-12-24T08:48:19.844Z", "notification_type": "Ticket"}}, {"model": "notifications.notification", "pk": 32, "fields": {"user": 1, "message": "A new ticket 'Hardware Problem' has been created by daniel.", "read": false, "created_at": "2024-12-24T08:59:55.380Z", "notification_type": "Ticket"}}, {"model": "notifications.notification", "pk": 35, "fields": {"user": 1, "message": "A new ticket 'Syspro Problem' has been created by daniel.", "read": false, "created_at": "2024-12-24T09:01:46.122Z", "notification_type": "Ticket"}}, {"model": "notifications.notification", "pk": 38, "fields": {"user": 1, "message": "A new ticket 'Network Problem' has been created by daniel.", "read": false, "created_at": "2024-12-24T09:02:36.761Z", "notification_type": "Ticket"}}, {"model": "notifications.notification", "pk": 41, "fields": {"user": 1, "message": "A new ticket 'Software Problem' has been created by Mikiyas.", "read": false, "created_at": "2024-12-24T09:03:25.203Z", "notification_type": "Ticket"}}, {"model": "notifications.notification", "pk": 44, "fields": {"user": 1, "message": "A new ticket 'Hardware Problem' has been created by daniel.", "read": false, "created_at": "2024-12-24T09:04:18.371Z", "notification_type": "Ticket"}}, {"model": "notifications.notification", "pk": 47, "fields": {"user": 1, "message": "A new ticket 'Hardware Problem' has been created by daniel.", "read": false, "created_at": "2024-12-24T09:04:46.134Z", "notification_type": "Ticket"}}, {"model": "notifications.notification", "pk": 50, "fields": {"user": 1, "message": "A new ticket 'Syspro Problem' has been created by daniel.", "read": false, "created_at": "2024-12-24T09:06:22.036Z", "notification_type": "Ticket"}}, {"model": "notifications.notification", "pk": 53, "fields": {"user": 1, "message": "A new ticket 'Software Problem' has been created by daniel.", "read": false, "created_at": "2024-12-24T09:07:25.941Z", "notification_type": "Ticket"}}, {"model": "notifications.notification", "pk": 55, "fields": {"user": 16, "message": "Your ticket 'Network Problem' has been created.", "read": true, "created_at": "2024-12-24T14:23:15.327Z", "notification_type": "Ticket"}}, {"model": "notifications.notification", "pk": 56, "fields": {"user": 1, "message": "A new ticket 'Network Problem' has been created by Mikiyas.", "read": false, "created_at": "2024-12-24T14:23:15.329Z", "notification_type": "Ticket"}}, {"model": "notifications.notification", "pk": 58, "fields": {"user": 16, "message": "Your ticket 'Software Problem' has been created.", "read": true, "created_at": "2024-12-24T14:24:04.578Z", "notification_type": "Ticket"}}, {"model": "notifications.notification", "pk": 59, "fields": {"user": 1, "message": "A new ticket 'Software Problem' has been created by Mikiyas.", "read": false, "created_at": "2024-12-24T14:24:04.588Z", "notification_type": "Ticket"}}, {"model": "notifications.notification", "pk": 61, "fields": {"user": 16, "message": "Your ticket 'Syspro Problem' has been created.", "read": true, "created_at": "2024-12-24T14:25:10.243Z", "notification_type": "Ticket"}}, {"model": "notifications.notification", "pk": 62, "fields": {"user": 1, "message": "A new ticket 'Syspro Problem' has been created by Mikiyas.", "read": false, "created_at": "2024-12-24T14:25:10.246Z", "notification_type": "Ticket"}}, {"model": "notifications.notification", "pk": 64, "fields": {"user": 16, "message": "Your ticket 'Hardware Problem' has been created.", "read": true, "created_at": "2024-12-24T14:27:45.353Z", "notification_type": "Ticket"}}, {"model": "notifications.notification", "pk": 65, "fields": {"user": 1, "message": "A new ticket 'Hardware Problem' has been created by Mikiyas.", "read": false, "created_at": "2024-12-24T14:27:45.355Z", "notification_type": "Ticket"}}, {"model": "notifications.notification", "pk": 67, "fields": {"user": 16, "message": "Your ticket 'Network Problem' has been created.", "read": true, "created_at": "2024-12-24T14:30:18.243Z", "notification_type": "Ticket"}}, {"model": "notifications.notification", "pk": 68, "fields": {"user": 1, "message": "A new ticket 'Network Problem' has been created by Mikiyas.", "read": false, "created_at": "2024-12-24T14:30:18.247Z", "notification_type": "Ticket"}}, {"model": "notifications.notification", "pk": 70, "fields": {"user": 16, "message": "Your ticket 'Hardware Problem' has been created.", "read": true, "created_at": "2024-12-24T14:32:00.027Z", "notification_type": "Ticket"}}, {"model": "notifications.notification", "pk": 71, "fields": {"user": 1, "message": "A new ticket 'Hardware Problem' has been created by Mikiyas.", "read": false, "created_at": "2024-12-24T14:32:00.030Z", "notification_type": "Ticket"}}, {"model": "notifications.notification", "pk": 73, "fields": {"user": 19, "message": "Your ticket 'Printer Problem' has been created.", "read": true, "created_at": "2024-12-25T14:02:19.510Z", "notification_type": "Ticket"}}, {"model": "notifications.notification", "pk": 74, "fields": {"user": 1, "message": "A new ticket 'Printer Problem' has been created by Wanofi.", "read": false, "created_at": "2024-12-25T14:02:19.512Z", "notification_type": "Ticket"}}, {"model": "notifications.notification", "pk": 75, "fields": {"user": 16, "message": "A new ticket 'Printer Problem' has been created by Wanofi.", "read": true, "created_at": "2024-12-25T14:02:19.514Z", "notification_type": "Ticket"}}, {"model": "notifications.notification", "pk": 76, "fields": {"user": 19, "message": "Your ticket 'Printer Problem' has been created.", "read": true, "created_at": "2024-12-25T14:02:26.514Z", "notification_type": "Ticket"}}, {"model": "notifications.notification", "pk": 77, "fields": {"user": 1, "message": "A new ticket 'Printer Problem' has been created by Wanofi.", "read": false, "created_at": "2024-12-25T14:02:26.517Z", "notification_type": "Ticket"}}, {"model": "notifications.notification", "pk": 78, "fields": {"user": 16, "message": "A new ticket 'Printer Problem' has been created by Wanofi.", "read": true, "created_at": "2024-12-25T14:02:26.518Z", "notification_type": "Ticket"}}, {"model": "notifications.notification", "pk": 79, "fields": {"user": 19, "message": "Your ticket 'Printer Problem' has been created.", "read": true, "created_at": "2024-12-25T14:02:41.683Z", "notification_type": "Ticket"}}, {"model": "notifications.notification", "pk": 80, "fields": {"user": 1, "message": "A new ticket 'Printer Problem' has been created by Wanofi.", "read": false, "created_at": "2024-12-25T14:02:41.685Z", "notification_type": "Ticket"}}, {"model": "notifications.notification", "pk": 81, "fields": {"user": 16, "message": "A new ticket 'Printer Problem' has been created by Wanofi.", "read": true, "created_at": "2024-12-25T14:02:41.686Z", "notification_type": "Ticket"}}, {"model": "notifications.notification", "pk": 82, "fields": {"user": 19, "message": "Your ticket 'Printer Problem' has been created.", "read": true, "created_at": "2024-12-25T14:11:59.370Z", "notification_type": "Ticket"}}, {"model": "notifications.notification", "pk": 83, "fields": {"user": 1, "message": "A new ticket 'Printer Problem' has been created by Wanofi.", "read": false, "created_at": "2024-12-25T14:11:59.373Z", "notification_type": "Ticket"}}, {"model": "notifications.notification", "pk": 84, "fields": {"user": 16, "message": "A new ticket 'Printer Problem' has been created by Wanofi.", "read": true, "created_at": "2024-12-25T14:11:59.374Z", "notification_type": "Ticket"}}, {"model": "notifications.notification", "pk": 85, "fields": {"user": 21, "message": "Your ticket 'Network Problem' has been created.", "read": false, "created_at": "2024-12-26T08:49:13.007Z", "notification_type": "Ticket"}}, {"model": "notifications.notification", "pk": 86, "fields": {"user": 1, "message": "A new ticket 'Network Problem' has been created by teshomew@awashwine.com.", "read": false, "created_at": "2024-12-26T08:49:13.014Z", "notification_type": "Ticket"}}, {"model": "notifications.notification", "pk": 87, "fields": {"user": 16, "message": "A new ticket 'Network Problem' has been created by teshomew@awashwine.com.", "read": true, "created_at": "2024-12-26T08:49:13.015Z", "notification_type": "Ticket"}}, {"model": "notifications.notification", "pk": 88, "fields": {"user": 21, "message": "Your ticket 'Network Problem' has been accepted by Mikiyas Tsegaye.", "read": false, "created_at": "2024-12-26T08:50:35.162Z", "notification_type": "Ticket"}}, {"model": "notifications.notification", "pk": 89, "fields": {"user": 21, "message": "Your ticket 'Network Problem' has been resolved by Mikiyas Tsegaye. Kindly close the ticket to confirm that the issue has been successfully addressed.", "read": false, "created_at": "2024-12-26T08:51:49.523Z", "notification_type": "Ticket"}}, {"model": "notifications.notification", "pk": 90, "fields": {"user": 16, "message": "Ticket 'Network Problem' has been closed  by Teshome Workineh.", "read": true, "created_at": "2024-12-26T08:52:47.044Z", "notification_type": "Ticket"}}, {"model": "notifications.notification", "pk": 91, "fields": {"user": 22, "message": "Your ticket 'Syspro Problem' has been created.", "read": false, "created_at": "2024-12-26T09:08:45.880Z", "notification_type": "Ticket"}}, {"model": "notifications.notification", "pk": 92, "fields": {"user": 1, "message": "A new ticket 'Syspro Problem' has been created by DANIEL.", "read": false, "created_at": "2024-12-26T09:08:45.883Z", "notification_type": "Ticket"}}, {"model": "notifications.notification", "pk": 93, "fields": {"user": 16, "message": "A new ticket 'Syspro Problem' has been created by DANIEL.", "read": true, "created_at": "2024-12-26T09:08:45.884Z", "notification_type": "Ticket"}}, {"model": "notifications.notification", "pk": 94, "fields": {"user": 22, "message": "Your ticket 'Syspro Problem' has been accepted by Mikiyas Tsegaye.", "read": false, "created_at": "2024-12-26T09:09:44.843Z", "notification_type": "Ticket"}}, {"model": "notifications.notification", "pk": 95, "fields": {"user": 22, "message": "Your ticket 'Syspro Problem' has been resolved by Mikiyas Tsegaye. Kindly close the ticket to confirm that the issue has been successfully addressed.", "read": false, "created_at": "2024-12-26T09:14:25.042Z", "notification_type": "Ticket"}}, {"model": "notifications.notification", "pk": 96, "fields": {"user": 16, "message": "Ticket 'Syspro Problem' has been closed  by Daniel Tesfaye.", "read": true, "created_at": "2024-12-26T12:05:25.648Z", "notification_type": "Ticket"}}, {"model": "notifications.notification", "pk": 97, "fields": {"user": 23, "message": "Your ticket 'Syspro Problem' has been created.", "read": true, "created_at": "2024-12-26T12:34:44.549Z", "notification_type": "Ticket"}}, {"model": "notifications.notification", "pk": 98, "fields": {"user": 1, "message": "A new ticket 'Syspro Problem' has been created by Ambaw@awashwine.com.", "read": false, "created_at": "2024-12-26T12:34:44.552Z", "notification_type": "Ticket"}}, {"model": "notifications.notification", "pk": 99, "fields": {"user": 16, "message": "A new ticket 'Syspro Problem' has been created by Ambaw@awashwine.com.", "read": true, "created_at": "2024-12-26T12:34:44.553Z", "notification_type": "Ticket"}}, {"model": "notifications.notification", "pk": 100, "fields": {"user": 23, "message": "Your ticket 'Syspro Problem' has been created.", "read": true, "created_at": "2024-12-26T12:34:58.675Z", "notification_type": "Ticket"}}, {"model": "notifications.notification", "pk": 101, "fields": {"user": 1, "message": "A new ticket 'Syspro Problem' has been created by Ambaw@awashwine.com.", "read": false, "created_at": "2024-12-26T12:34:58.678Z", "notification_type": "Ticket"}}, {"model": "notifications.notification", "pk": 102, "fields": {"user": 16, "message": "A new ticket 'Syspro Problem' has been created by Ambaw@awashwine.com.", "read": true, "created_at": "2024-12-26T12:34:58.678Z", "notification_type": "Ticket"}}, {"model": "notifications.notification", "pk": 103, "fields": {"user": 23, "message": "Your ticket 'Syspro Problem' has been accepted by Mikiyas Tsegaye.", "read": false, "created_at": "2024-12-26T15:44:54.779Z", "notification_type": "Ticket"}}, {"model": "notifications.notification", "pk": 104, "fields": {"user": 23, "message": "Your ticket 'Syspro Problem' has been resolved by Mikiyas Tsegaye. Kindly close the ticket to confirm that the issue has been successfully addressed.", "read": false, "created_at": "2024-12-26T15:46:05.734Z", "notification_type": "Ticket"}}, {"model": "notifications.notification", "pk": 105, "fields": {"user": 23, "message": "Your ticket 'Syspro Problem' has been accepted by Mikiyas Tsegaye.", "read": false, "created_at": "2024-12-26T15:46:33.408Z", "notification_type": "Ticket"}}, {"model": "notifications.notification", "pk": 106, "fields": {"user": 23, "message": "Your ticket 'Syspro Problem' has been resolved by Mikiyas Tsegaye. Kindly close the ticket to confirm that the issue has been successfully addressed.", "read": false, "created_at": "2024-12-26T15:47:30.935Z", "notification_type": "Ticket"}}, {"model": "notifications.notification", "pk": 107, "fields": {"user": 19, "message": "Your ticket 'Software Problem' has been created.", "read": false, "created_at": "2025-02-06T17:30:35.834Z", "notification_type": "Ticket"}}, {"model": "notifications.notification", "pk": 108, "fields": {"user": 1, "message": "A new ticket 'Software Problem' has been created by Wanofi.", "read": false, "created_at": "2025-02-06T17:30:35.837Z", "notification_type": "Ticket"}}, {"model": "notifications.notification", "pk": 109, "fields": {"user": 16, "message": "A new ticket 'Software Problem' has been created by Wanofi.", "read": false, "created_at": "2025-02-06T17:30:35.843Z", "notification_type": "Ticket"}}, {"model": "notifications.notification", "pk": 110, "fields": {"user": 19, "message": "Your ticket 'Printer Problem' has been created.", "read": false, "created_at": "2025-02-17T11:38:01.559Z", "notification_type": "Ticket"}}, {"model": "notifications.notification", "pk": 111, "fields": {"user": 1, "message": "A new ticket 'Printer Problem' has been created by Wanofi.", "read": false, "created_at": "2025-02-17T11:38:01.562Z", "notification_type": "Ticket"}}, {"model": "notifications.notification", "pk": 112, "fields": {"user": 16, "message": "A new ticket 'Printer Problem' has been created by Wanofi.", "read": false, "created_at": "2025-02-17T11:38:01.563Z", "notification_type": "Ticket"}}, {"model": "notifications.notification", "pk": 113, "fields": {"user": 19, "message": "Your ticket 'Printer Problem' has been accepted by Mikiyas Tsegaye.", "read": false, "created_at": "2025-02-17T12:10:27.385Z", "notification_type": "Ticket"}}, {"model": "notifications.notification", "pk": 114, "fields": {"user": 19, "message": "Your ticket 'Printer Problem' has been resolved by Mikiyas Tsegaye. Kindly close the ticket to confirm that the issue has been successfully addressed.", "read": false, "created_at": "2025-02-17T12:11:05.391Z", "notification_type": "Ticket"}}]